loyalty_id,home_distance_km,household_size
1,5.1,2
2,3.7,3
3,5.8,2
4,1.6,2
5,13.7,2
6,23.4,2
7,8.2,3
8,12.1,4
9,6.6,4
10,6.8,2
11,16.8,2
12,1.5,4
13,16.7,3
14,19.3,4
15,11.4,2
16,5.0,3
17,6.8,1
18,10.7,4
19,15.3,2
20,5.7,4
21,17.5,3
22,16.1,5
23,6.2,1
24,10.3,1
25,8.6,2
26,15.3,1
27,17.2,2
28,17.7,2
29,18.2,2
30,7.4,3
31,4.7,1
32,3.8,2
33,3.7,2
34,18.6,3
35,10.1,2
36,9.3,4
37,7.0,4
38,14.2,2
39,22.3,1
40,1.4,1
41,7.6,4
42,5.6,2
43,33.7,3
44,3.6,1
45,33.8,5
46,16.5,3
47,5.1,2
48,13.6,3
49,19.7,5
50,10.2,1
51,14.0,1
52,2.6,1
53,39.0,1
54,7.1,3
55,3.5,2
56,32.0,2
57,10.7,2
58,8.9,2
59,16.7,4
60,29.7,2
61,11.9,4
62,0.5,1
63,13.2,1
64,7.3,1
65,8.2,2
66,5.2,1
67,10.3,1
68,0.8,2
69,11.6,2
70,14.1,1
71,6.8,5
72,3.8,2
73,10.2,3
74,8.7,5
75,7.7,4
76,8.7,4
77,5.9,4
78,7.7,3
79,9.0,2
80,1.9,2
81,9.5,2
82,8.3,3
83,7.5,2
84,17.9,1
85,12.1,2
86,7.1,1
87,6.9,5
88,9.0,4
89,8.6,2
90,16.9,2
91,11.3,4
92,13.2,1
93,5.7,4
94,3.6,3
95,9.7,2
96,7.4,1
97,5.3,1
98,13.2,3
99,4.2,2
100,5.0,1
101,7.0,1
102,9.6,4
103,2.8,3
104,6.0,3
105,14.2,1
106,16.4,4
107,29.4,2
108,4.4,4
109,18.0,1
110,5.7,2
111,8.9,2
112,18.4,3
113,5.6,5
114,6.2,3
115,1.2,3
116,5.2,1
117,11.2,2
118,13.6,1
119,7.4,1
120,2.8,2
121,7.3,2
122,2.3,1
123,1.9,3
124,10.5,2
125,10.4,2
126,8.1,2
127,18.9,4
128,14.1,3
129,6.4,1
130,8.6,3
131,16.8,4
132,8.9,2
133,15.8,3
134,12.4,1
135,9.8,3
136,15.4,4
137,9.3,3
138,12.2,3
139,31.4,2
140,18.4,1
141,24.6,3
142,5.7,3
143,6.3,4
144,0.9,1
145,2.4,2
146,18.7,2
147,5.9,4
148,2.1,5
149,18.0,3
150,6.7,2
151,16.1,1
152,45.5,3
153,20.1,5
154,11.5,2
155,4.7,1
156,24.3,2
157,1.8,2
158,7.7,2
159,4.4,2
160,4.6,2
161,10.2,4
162,8.4,2
163,7.7,1
164,7.4,2
165,16.6,1
166,2.6,2
167,21.1,2
168,1.7,3
169,17.6,2
170,7.3,5
171,6.4,3
172,5.7,1
173,25.0,2
174,14.4,1
175,1.8,2
176,12.0,1
177,8.8,1
178,9.1,1
179,14.7,2
180,2.7,1
181,9.6,1
182,9.5,4
183,13.0,3
184,9.3,2
185,10.7,4
186,6.4,1
187,9.7,3
188,7.6,4
189,14.3,4
190,2.0,2
191,3.8,3
192,0.9,2
193,17.3,2
194,8.6,3
195,6.9,2
196,13.0,4
197,8.7,1
198,8.9,2
199,2.8,2
200,15.2,4
201,16.4,4
202,2.8,2
203,22.6,1
204,11.7,4
205,34.5,2
206,10.1,5
207,5.6,2
208,5.3,3
209,12.1,4
210,4.1,2
211,7.4,1
212,37.9,3
213,11.3,2
214,9.5,2
215,10.2,3
216,11.5,3
217,15.5,2
218,5.8,2
219,5.1,1
220,3.2,3
221,4.4,3
222,13.4,2
223,1.8,3
224,11.1,4
225,18.8,2
226,18.0,2
227,25.0,3
228,19.2,1
229,7.0,2
230,24.7,2
231,15.3,1
232,2.4,2
233,4.1,3
234,9.4,1
235,1.8,1
236,1.2,5
237,0.5,5
238,5.5,3
239,4.4,1
240,14.5,3
241,10.4,1
242,16.6,1
243,4.7,2
244,2.8,2
245,5.3,4
246,14.8,3
247,24.7,2
248,27.5,2
249,22.0,3
250,17.5,1
251,5.3,1
252,16.4,5
253,13.8,2
254,9.1,3
255,5.4,4
256,15.9,1
257,16.1,1
258,10.0,4
259,3.5,4
260,1.6,2
261,19.4,1
262,24.0,2
263,7.7,1
264,4.3,3
265,5.2,1
266,4.4,3
267,4.6,3
268,5.8,2
269,20.2,2
270,6.0,1
271,2.9,2
272,11.1,1
273,20.6,2
274,11.3,1
275,17.4,2
276,14.8,2
277,2.4,1
278,6.1,4
279,12.4,4
280,12.0,1
281,7.6,4
282,10.6,3
283,7.3,2
284,3.6,4
285,0.7,4
286,5.0,3
287,7.9,4
288,0.4,5
289,9.6,4
290,5.0,2
291,18.7,1
292,4.2,4
293,7.4,1
294,7.0,2
295,7.6,2
296,7.9,2
297,3.2,2
298,3.1,1
299,10.9,1
300,15.2,1
301,0.8,4
302,8.0,5
303,29.7,2
304,6.3,3
305,12.4,5
306,11.0,1
307,23.5,3
308,10.4,1
309,1.4,1
310,8.2,2
311,12.3,3
312,13.4,1
313,21.5,2
314,7.2,2
315,16.8,3
316,6.2,4
317,12.9,2
318,14.3,3
319,12.7,2
320,18.7,4
321,8.9,3
322,14.4,4
323,17.9,2
324,6.6,3
325,3.6,1
326,6.0,2
327,5.9,2
328,5.3,3
329,10.4,2
330,23.6,2
331,23.0,1
332,17.3,1
333,15.1,2
334,3.8,1
335,6.5,1
336,13.0,2
337,13.7,3
338,2.4,5
339,8.2,3
340,10.9,3
341,8.7,2
342,11.4,1
343,9.7,1
344,4.6,2
345,15.7,4
346,21.4,3
347,5.7,4
348,6.3,1
349,15.5,2
350,4.6,4
351,4.5,1
352,5.6,2
353,2.4,1
354,3.1,3
355,3.2,2
356,9.3,3
357,7.7,1
358,34.7,1
359,2.5,5
360,3.1,1
361,5.0,3
362,23.9,5
363,5.5,3
364,2.2,3
365,12.4,1
366,5.8,1
367,23.9,3
368,6.8,2
369,8.1,3
370,10.9,2
371,4.0,2
372,10.9,1
373,23.4,2
374,19.5,2
375,5.7,1
376,2.3,1
377,6.7,3
378,3.6,1
379,3.0,2
380,29.4,3
381,1.2,4
382,8.5,1
383,2.5,3
384,5.3,5
385,16.0,1
386,3.9,2
387,18.1,3
388,11.1,1
389,4.3,1
390,10.4,2
391,7.9,1
392,10.3,2
393,14.0,4
394,1.6,1
395,9.4,2
396,10.0,3
397,11.4,2
398,14.6,2
399,13.0,3
400,6.4,3
401,4.7,3
402,7.0,1
403,5.1,1
404,5.5,4
405,21.6,4
406,15.2,1
407,10.8,2
408,5.2,2
409,2.4,2
410,8.0,5
411,6.5,3
412,15.0,3
413,12.0,3
414,32.1,1
415,12.3,1
416,1.5,1
417,12.2,3
418,4.8,4
419,9.3,2
420,19.2,2
421,9.1,3
422,27.0,1
423,15.2,3
424,5.4,1
425,8.5,1
426,5.4,2
427,10.0,2
428,6.3,2
429,6.2,3
430,4.1,3
431,11.1,2
432,7.1,2
433,1.4,4
434,14.7,2
435,9.7,2
436,5.2,2
437,33.4,2
438,10.4,2
439,10.3,1
440,5.5,4
441,7.6,4
442,17.0,1
443,8.9,1
444,14.2,2
445,7.8,4
446,2.8,2
447,15.0,5
448,13.6,3
449,11.3,1
450,6.1,4
451,12.6,1
452,18.0,2
453,32.1,3
454,25.9,4
455,3.2,2
456,6.5,3
457,6.4,4
458,10.6,1
459,27.6,4
460,5.2,4
461,13.0,2
462,6.6,2
463,17.5,2
464,5.2,2
465,2.4,1
466,6.7,2
467,7.9,1
468,6.0,4
469,9.2,2
470,19.6,1
471,5.5,2
472,10.2,1
473,18.3,5
474,3.0,1
475,9.0,2
476,1.7,2
477,3.8,4
478,2.2,2
479,3.9,1
480,9.0,5
481,39.5,1
482,1.3,2
483,12.4,2
484,15.1,1
485,9.5,2
486,10.6,3
487,6.2,2
488,17.3,3
489,4.9,4
490,12.2,2
491,10.2,2
492,5.3,2
493,8.0,3
494,5.4,4
495,8.1,1
496,8.0,2
497,24.1,2
498,30.3,2
499,2.9,4
500,0.7,2
501,1.4,2
502,3.3,2
503,4.2,5
504,13.9,4
505,3.9,4
506,32.8,4
507,11.7,3
508,9.3,5
509,7.6,1
510,6.2,4
511,11.7,3
512,11.9,2
513,3.5,1
514,16.3,2
515,17.6,1
516,27.3,4
517,4.5,1
518,10.7,1
519,16.4,4
520,19.1,2
521,5.7,2
522,4.6,2
523,6.0,1
524,2.2,4
525,19.9,3
526,7.2,2
527,4.3,2
528,3.3,4
529,4.6,4
530,23.0,3
531,4.8,1
532,1.8,3
533,15.5,2
534,9.8,4
535,7.3,4
536,9.3,4
537,7.6,4
538,13.2,1
539,8.8,4
540,5.2,1
541,12.4,2
542,6.2,3
543,6.0,2
544,16.4,1
545,6.5,3
546,9.8,3
547,2.4,4
548,15.0,3
549,19.9,2
550,9.3,2
551,6.3,1
552,16.6,2
553,12.1,3
554,10.4,3
555,7.2,1
556,3.9,2
557,18.7,4
558,7.6,2
559,5.6,1
560,4.3,2
561,9.2,2
562,2.7,1
563,2.5,2
564,27.3,4
565,14.5,2
566,11.0,1
567,18.2,4
568,10.5,2
569,9.3,3
570,9.4,2
571,8.5,3
572,21.9,3
573,10.6,4
574,5.7,5
575,15.3,4
576,11.5,4
577,3.3,3
578,4.6,3
579,8.7,2
580,1.5,2
581,4.5,5
582,13.3,2
583,9.6,2
584,17.5,4
585,9.6,1
586,8.4,3
587,9.6,3
588,8.0,1
589,14.9,1
590,7.8,1
591,12.3,3
592,14.3,5
593,7.8,3
594,11.2,1
595,22.1,3
596,7.0,3
597,11.7,2
598,12.4,1
599,5.6,4
600,11.7,1
601,15.4,4
602,7.0,5
603,8.3,2
604,13.0,1
605,1.5,5
606,5.9,2
607,17.9,4
608,6.7,1
609,11.9,5
610,13.3,3
611,6.2,2
612,2.0,2
613,7.2,4
614,9.5,2
615,13.4,2
616,12.3,2
617,14.1,3
618,1.6,2
619,7.6,4
620,16.9,3
621,4.8,2
622,18.9,1
623,10.9,2
624,7.2,2
625,7.3,1
626,5.3,1
627,16.5,1
628,7.3,3
629,3.1,3
630,26.4,4
631,3.9,2
632,2.2,2
633,5.7,2
634,22.2,2
635,5.5,2
636,6.4,4
637,33.7,1
638,21.7,1
639,10.5,2
640,6.2,4
641,6.1,1
642,5.9,1
643,16.0,1
644,3.6,3
645,11.6,2
646,1.1,2
647,11.9,4
648,10.1,4
649,6.4,2
650,27.3,2
651,8.4,2
652,3.3,3
653,8.0,1
654,9.6,3
655,9.9,4
656,4.2,4
657,8.4,5
658,2.3,1
659,13.6,2
660,6.2,2
661,2.5,3
662,4.5,2
663,2.5,1
664,5.5,3
665,2.6,1
666,13.5,5
667,13.4,4
668,11.2,2
669,8.1,2
670,10.7,2
671,2.5,3
672,24.9,2
673,9.1,1
674,2.8,1
675,10.8,3
676,3.8,3
677,7.8,2
678,1.6,2
679,31.1,1
680,7.5,1
681,3.4,1
682,12.8,1
683,19.9,2
684,8.8,1
685,13.9,3
686,4.0,2
687,13.7,2
688,10.8,2
689,10.4,5
690,10.2,3
691,1.9,3
692,3.5,2
693,1.1,2
694,14.3,2
695,6.4,3
696,10.7,5
697,0.4,3
698,2.2,2
699,6.3,4
700,5.9,3
701,20.6,2
702,2.9,2
703,9.1,3
704,2.5,2
705,11.4,1
706,4.7,1
707,3.8,4
708,8.6,4
709,3.4,3
710,7.1,1
711,19.5,2
712,1.6,1
713,10.8,4
714,13.0,3
715,5.2,2
716,4.4,1
717,3.1,2
718,21.6,2
719,9.0,2
720,0.5,2
721,3.2,2
722,13.0,3
723,11.3,2
724,3.4,4
725,1.3,3
726,3.5,2
727,9.8,1
728,3.9,2
729,22.2,3
730,5.5,3
731,4.9,2
732,3.2,4
733,8.1,2
734,3.3,3
735,8.5,5
736,12.3,3
737,20.3,4
738,14.0,3
739,3.6,3
740,17.3,1
741,7.7,2
742,20.2,2
743,8.6,2
744,3.8,2
745,4.7,3
746,9.4,2
747,18.5,5
748,7.9,3
749,5.2,3
750,2.0,2
751,2.2,2
752,10.5,3
753,10.5,1
754,9.0,2
755,5.1,2
756,17.9,1
757,14.4,2
758,2.6,1
759,19.9,3
760,21.9,2
761,6.2,2
762,24.0,2
763,4.8,2
764,16.0,2
765,15.2,2
766,12.5,2
767,7.9,3
768,4.1,4
769,14.0,2
770,17.0,3
771,12.0,2
772,14.1,1
773,14.8,2
774,15.9,3
775,7.1,3
776,2.3,3
777,6.4,3
778,9.9,3
779,6.1,4
780,12.9,2
781,17.0,2
782,9.5,4
783,7.9,1
784,6.9,1
785,5.4,3
786,4.3,1
787,6.0,2
788,1.6,3
789,2.0,3
790,9.9,4
791,3.2,2
792,22.5,2
793,20.5,4
794,13.7,4
795,7.9,2
796,9.7,3
797,13.3,1
798,23.6,2
799,10.8,1
800,2.4,1
801,32.7,1
802,7.2,3
803,2.5,3
804,18.6,1
805,10.4,1
806,23.9,1
807,14.2,3
808,14.7,2
809,3.1,3
810,18.9,1
811,5.5,1
812,15.3,4
813,23.6,1
814,4.1,3
815,11.9,2
816,1.2,2
817,7.6,5
818,4.3,1
819,12.4,1
820,2.7,2
821,3.4,4
822,15.1,2
823,22.3,2
824,9.1,5
825,7.7,3
826,3.9,2
827,2.2,5
828,3.1,1
829,12.7,3
830,28.9,3
831,4.2,1
832,10.7,2
833,15.8,4
834,8.5,3
835,17.6,5
836,8.6,3
837,4.7,1
838,6.0,2
839,15.1,2
840,7.1,2
841,4.6,4
842,14.6,3
843,15.0,2
844,36.8,3
845,33.2,3
846,7.4,2
847,5.3,1
848,3.4,4
849,4.2,4
850,11.4,3
851,20.6,3
852,8.9,4
853,23.7,3
854,29.4,1
855,6.6,1
856,6.1,1
857,29.4,2
858,4.3,2
859,13.7,4
860,15.4,1
861,23.0,3
862,10.3,4
863,2.1,2
864,17.9,1
865,4.1,2
866,3.4,1
867,2.6,2
868,3.1,3
869,12.4,2
870,13.5,2
871,6.8,2
872,4.1,2
873,1.0,2
874,8.5,4
875,9.9,1
876,5.5,2
877,4.8,2
878,10.2,1
879,13.9,1
880,17.7,3
881,7.6,2
882,4.1,1
883,16.7,3
884,9.3,4
885,13.0,2
886,10.8,1
887,4.4,3
888,1.3,1
889,20.7,1
890,3.7,2
891,9.6,2
892,13.4,2
893,8.9,1
894,7.1,2
895,4.8,4
896,13.7,4
897,16.5,4
898,13.5,1
899,14.5,3
900,5.1,1
901,5.9,1
902,8.5,3
903,9.7,3
904,5.6,2
905,11.3,4
906,13.7,1
907,6.9,2
908,14.2,1
909,13.7,3
910,7.4,4
911,4.3,1
912,18.6,4
913,22.7,1
914,8.8,1
915,1.7,3
916,14.1,1
917,3.1,2
918,23.5,2
919,6.2,1
920,11.7,4
921,1.4,1
922,26.9,2
923,9.4,2
924,15.5,2
925,5.5,2
926,5.5,1
927,6.7,2
928,16.1,1
929,7.5,1
930,10.1,2
931,6.2,2
932,12.0,4
933,6.7,4
934,16.6,1
935,17.5,4
936,6.9,2
937,19.7,2
938,7.2,2
939,2.3,1
940,7.1,4
941,16.1,1
942,1.4,3
943,28.8,2
944,5.7,1
945,3.6,4
946,3.1,2
947,3.8,4
948,6.1,4
949,2.2,4
950,4.6,3
951,17.1,2
952,35.9,1
953,19.9,1
954,7.2,1
955,4.0,2
956,2.1,2
957,15.2,4
958,14.7,3
959,15.8,1
960,4.7,2
961,3.6,2
962,3.4,4
963,6.9,2
964,4.9,2
965,14.1,2
966,15.2,1
967,10.7,1
968,9.2,1
969,6.1,5
970,8.0,1
971,5.7,2
972,8.6,5
973,23.6,2
974,30.8,2
975,3.6,1
976,1.5,1
977,5.4,2
978,7.1,1
979,1.5,3
980,11.7,1
981,20.0,1
982,3.4,2
983,6.3,2
984,19.2,3
985,20.0,1
986,4.8,1
987,10.7,2
988,18.7,2
989,11.8,3
990,8.0,4
991,26.0,4
992,2.8,2
993,10.6,4
994,10.2,1
995,6.4,5
996,15.4,3
997,13.7,4
998,19.9,3
999,26.7,4
1000,4.2,1
1001,6.1,4
1002,9.7,2
1003,6.9,2
1004,10.3,2
1005,14.5,1
1006,12.7,1
1007,1.1,4
1008,20.2,3
1009,9.9,1
1010,5.8,1
1011,7.9,1
1012,10.6,2
1013,6.8,2
1014,24.3,3
1015,14.5,1
1016,1.7,2
1017,11.8,1
1018,13.5,2
1019,17.6,3
1020,4.4,2
1021,4.5,2
1022,15.8,4
1023,4.4,2
1024,11.0,2
1025,7.2,2
1026,3.5,2
1027,11.4,4
1028,4.6,2
1029,18.3,4
1030,13.1,2
1031,9.6,2
1032,4.8,2
1033,17.0,2
1034,8.3,1
1035,4.5,4
1036,10.5,3
1037,8.1,2
1038,3.5,3
1039,0.6,1
1040,5.2,1
1041,4.3,2
1042,11.9,3
1043,3.7,1
1044,7.6,1
1045,6.0,2
1046,28.9,1
1047,10.7,4
1048,17.2,3
1049,9.5,2
1050,10.2,2
1051,6.9,1
1052,13.6,2
1053,22.8,2
1054,1.7,5
1055,11.2,2
1056,5.6,1
1057,10.9,3
1058,2.0,1
1059,7.0,3
1060,6.7,4
1061,6.7,2
1062,2.3,1
1063,0.4,1
1064,1.9,1
1065,6.9,1
1066,8.1,4
1067,4.6,2
1068,15.7,3
1069,3.9,2
1070,14.8,5
1071,6.3,2
1072,12.6,1
1073,41.7,2
1074,12.9,2
1075,12.2,2
1076,2.9,4
1077,13.2,1
1078,14.1,3
1079,16.3,1
1080,2.7,3
1081,25.9,1
1082,3.4,1
1083,8.7,1
1084,11.9,1
1085,9.3,2
1086,5.4,2
1087,6.4,3
1088,21.6,2
1089,9.1,2
1090,8.6,3
1091,7.3,4
1092,8.6,3
1093,11.1,1
1094,10.5,3
1095,14.5,2
1096,9.4,5
1097,5.3,3
1098,1.4,2
1099,27.4,2
1100,15.8,4
1101,17.2,1
1102,3.0,1
1103,12.6,4
1104,7.2,3
1105,1.5,3
1106,2.4,1
1107,6.1,2
1108,3.7,2
1109,12.6,1
1110,6.7,1
1111,5.0,1
1112,3.8,3
1113,6.4,2
1114,9.9,3
1115,3.5,3
1116,3.3,1
1117,3.9,3
1118,3.0,2
1119,0.9,4
1120,12.5,3
1121,4.1,1
1122,19.1,4
1123,1.6,2
1124,3.9,3
1125,2.7,4
1126,8.7,3
1127,8.8,1
1128,2.1,1
1129,17.4,4
1130,3.2,2
1131,11.8,4
1132,9.7,2
1133,15.3,1
1134,6.6,1
1135,28.0,2
1136,3.2,1
1137,17.0,1
1138,2.1,4
1139,11.7,2
1140,11.6,1
1141,19.1,3
1142,20.8,2
1143,6.2,4
1144,4.6,1
1145,15.4,2
1146,9.4,1
1147,6.0,1
1148,4.0,1
1149,7.6,4
1150,16.1,5
1151,4.6,1
1152,19.5,2
1153,22.1,5
1154,7.9,4
1155,8.1,3
1156,21.8,2
1157,1.2,5
1158,4.3,4
1159,0.5,2
1160,10.5,2
1161,3.4,2
1162,6.1,3
1163,12.2,1
1164,8.7,4
1165,10.8,1
1166,9.6,1
1167,1.5,1
1168,7.0,2
1169,3.5,2
1170,8.9,2
1171,17.6,4
1172,11.4,2
1173,15.4,4
1174,18.9,4
1175,14.6,1
1176,17.8,4
1177,1.0,2
1178,1.3,3
1179,9.0,4
1180,3.7,2
1181,14.3,1
1182,15.3,3
1183,16.6,1
1184,14.3,3
1185,4.1,2
1186,15.3,4
1187,17.8,3
1188,8.6,4
1189,5.5,2
1190,15.7,2
1191,4.5,2
1192,18.1,5
1193,9.1,1
1194,9.1,2
1195,3.0,1
1196,3.8,4
1197,0.9,2
1198,5.7,5
1199,16.2,3
1200,3.5,1
1201,16.5,1
1202,7.8,1
1203,2.5,2
1204,6.4,2
1205,6.9,4
1206,8.7,4
1207,10.0,3
1208,31.1,1
1209,2.5,4
1210,3.4,1
1211,25.7,3
1212,4.9,1
1213,5.2,5
1214,15.6,1
1215,17.2,2
1216,8.5,2
1217,19.8,3
1218,21.4,2
1219,20.8,4
1220,11.8,2
1221,9.8,4
1222,18.1,2
1223,11.3,2
1224,8.8,4
1225,9.8,2
1226,14.7,2
1227,16.4,2
1228,0.3,2
1229,12.1,2
1230,11.6,1
1231,13.8,2
1232,9.8,4
1233,2.1,1
1234,5.3,2
1235,17.3,3
1236,6.3,1
1237,1.8,3
1238,14.7,4
1239,1.7,1
1240,40.3,1
1241,8.8,2
1242,11.3,2
1243,6.5,2
1244,17.7,4
1245,11.3,2
1246,1.3,3
1247,4.8,5
1248,11.6,2
1249,20.0,3
1250,6.2,2
1251,8.1,2
1252,6.1,1
1253,34.6,2
1254,5.7,1
1255,8.2,2
1256,19.0,5
1257,11.6,3
1258,18.1,2
1259,19.2,1
1260,2.2,1
1261,2.8,4
1262,8.3,4
1263,13.9,2
1264,8.5,1
1265,14.0,4
1266,1.8,2
1267,16.9,1
1268,20.7,4
1269,3.1,3
1270,9.4,4
1271,1.2,4
1272,3.9,3
1273,17.5,1
1274,20.0,3
1275,9.2,2
1276,16.9,2
1277,16.7,1
1278,4.0,2
1279,12.7,1
1280,1.7,3
1281,4.7,2
1282,5.2,4
1283,20.2,4
1284,6.8,3
1285,15.2,4
1286,15.1,1
1287,5.8,1
1288,18.5,1
1289,2.7,2
1290,22.2,2
1291,7.5,1
1292,13.9,5
1293,5.3,3
1294,2.1,3
1295,1.1,4
1296,5.9,3
1297,6.8,2
1298,2.5,4
1299,20.1,2
1300,13.8,2
1301,2.9,2
1302,16.7,1
1303,3.6,2
1304,7.1,1
1305,3.2,1
1306,4.6,4
1307,9.9,3
1308,24.4,2
1309,5.9,3
1310,16.0,1
1311,2.2,2
1312,9.5,4
1313,29.8,2
1314,6.6,1
1315,2.6,4
1316,5.3,2
1317,6.2,1
1318,11.2,1
1319,11.5,2
1320,8.4,3
1321,5.2,1
1322,4.9,1
1323,2.6,4
1324,12.5,1
1325,4.3,1
1326,3.2,5
1327,3.4,3
1328,1.5,4
1329,10.4,2
1330,24.4,2
1331,6.1,4
1332,5.3,2
1333,21.7,5
1334,2.9,2
1335,17.7,2
1336,5.0,2
1337,8.6,2
1338,21.5,4
1339,0.7,3
1340,5.4,4
1341,7.0,3
1342,1.2,5
1343,3.6,3
1344,7.2,1
1345,5.3,2
1346,15.9,3
1347,2.9,3
1348,11.3,1
1349,18.1,2
1350,5.8,1
1351,1.6,3
1352,6.4,1
1353,9.1,1
1354,11.0,1
1355,6.3,2
1356,2.5,2
1357,10.1,3
1358,3.8,2
1359,15.6,2
1360,8.5,1
1361,16.3,2
1362,9.1,5
1363,12.4,4
1364,15.2,2
1365,4.1,1
1366,20.2,4
1367,26.5,2
1368,6.9,3
1369,12.7,2
1370,9.5,4
1371,28.0,1
1372,10.8,5
1373,11.6,1
1374,6.5,1
1375,5.4,1
1376,6.6,1
1377,10.5,4
1378,10.8,1
1379,7.9,3
1380,7.2,3
1381,12.7,1
1382,4.4,1
1383,18.9,3
1384,8.6,4
1385,6.5,3
1386,1.7,1
1387,12.3,1
1388,1.7,2
1389,28.4,2
1390,9.3,1
1391,5.3,1
1392,4.3,4
1393,11.3,4
1394,5.0,1
1395,8.9,2
1396,23.5,3
1397,6.2,1
1398,17.0,5
1399,4.5,4
1400,1.9,2
1401,9.5,1
1402,11.5,1
1403,12.3,3
1404,6.3,3
1405,2.9,4
1406,8.5,2
1407,17.5,2
1408,3.5,1
1409,3.1,3
1410,12.0,3
1411,4.9,2
1412,5.4,4
1413,18.1,2
1414,37.1,2
1415,26.1,2
1416,9.3,2
1417,8.0,4
1418,5.8,3
1419,7.8,2
1420,4.8,1
1421,15.9,4
1422,1.9,2
1423,8.3,2
1424,5.2,2
1425,8.3,2
1426,17.8,5
1427,6.6,2
1428,7.1,3
1429,11.3,1
1430,6.9,3
1431,16.6,2
1432,1.9,1
1433,18.4,2
1434,5.9,2
1435,6.9,3
1436,2.6,3
1437,5.7,1
1438,2.2,3
1439,8.6,2
1440,17.1,3
1441,2.3,1
1442,11.3,4
1443,7.6,4
1444,18.1,2
1445,7.1,5
1446,12.3,4
1447,15.0,1
1448,17.1,3
1449,11.4,5
1450,4.5,4
1451,8.4,1
1452,25.2,2
1453,28.0,2
1454,5.0,1
1455,9.1,3
1456,26.2,2
1457,17.7,4
1458,14.7,2
1459,7.5,2
1460,12.5,1
1461,7.9,4
1462,11.9,3
1463,10.6,3
1464,13.4,3
1465,4.6,2
1466,9.7,3
1467,17.5,3
1468,4.6,3
1469,13.2,1
1470,8.3,1
1471,13.3,3
1472,13.6,2
1473,13.4,4
1474,4.3,2
1475,8.2,4
1476,19.6,1
1477,1.5,1
1478,6.6,1
1479,2.4,3
1480,12.4,2
1481,4.3,2
1482,8.0,2
1483,3.5,2
1484,8.5,4
1485,3.9,1
1486,8.9,2
1487,4.5,1
1488,4.6,1
1489,11.4,2
1490,0.2,1
1491,8.2,1
1492,7.0,4
1493,3.8,4
1494,4.4,2
1495,3.8,4
1496,9.4,1
1497,5.6,2
1498,33.6,1
1499,2.3,3
1500,3.1,2
1501,7.3,2
1502,9.6,1
1503,7.4,1
1504,4.4,3
1505,5.5,2
1506,7.2,3
1507,4.8,2
1508,4.1,2
1509,12.3,1
1510,10.2,1
1511,19.4,1
1512,15.4,2
1513,9.4,2
1514,4.9,2
1515,9.9,1
1516,3.3,4
1517,2.9,4
1518,1.7,1
1519,6.5,2
1520,8.9,2
1521,11.3,5
1522,3.0,3
1523,2.7,3
1524,19.7,3
1525,16.8,3
1526,2.9,2
1527,5.9,2
1528,22.3,2
1529,13.0,3
1530,8.8,1
1531,27.6,4
1532,23.3,1
1533,13.5,2
1534,7.5,4
1535,19.4,4
1536,2.8,2
1537,7.4,2
1538,8.0,4
1539,4.8,1
1540,6.4,2
1541,7.8,3
1542,4.8,2
1543,11.7,2
1544,8.2,2
1545,7.9,2
1546,6.3,4
1547,11.2,1
1548,16.8,2
1549,10.5,2
1550,5.0,4
1551,10.4,3
1552,8.0,1
1553,14.5,1
1554,10.1,4
1555,8.8,1
1556,2.9,3
1557,2.9,1
1558,4.9,5
1559,10.2,5
1560,2.5,2
1561,8.5,2
1562,10.9,1
1563,9.1,5
1564,5.2,3
1565,12.3,3
1566,16.8,2
1567,9.3,1
1568,20.1,1
1569,19.4,2
1570,13.6,1
1571,13.0,3
1572,9.5,2
1573,16.8,2
1574,12.4,5
1575,9.1,2
1576,9.6,1
1577,11.5,3
1578,9.1,2
1579,17.7,2
1580,4.3,1
1581,5.9,2
1582,1.3,2
1583,0.7,2
1584,6.0,3
1585,17.5,1
1586,5.2,2
1587,9.2,4
1588,10.1,2
1589,11.1,1
1590,8.6,1
1591,2.1,4
1592,6.8,1
1593,17.0,2
1594,2.7,2
1595,16.1,3
1596,3.7,2
1597,16.6,4
1598,3.5,2
1599,12.4,4
1600,16.2,1
1601,3.5,1
1602,3.7,1
1603,23.2,1
1604,12.5,4
1605,0.1,3
1606,5.9,1
1607,6.8,4
1608,3.9,3
1609,9.8,1
1610,3.6,1
1611,16.4,3
1612,1.9,4
1613,34.6,1
1614,6.3,2
1615,9.8,1
1616,3.5,2
1617,12.1,1
1618,7.8,1
1619,30.6,4
1620,7.8,2
1621,4.6,2
1622,1.3,1
1623,6.4,1
1624,9.6,3
1625,16.4,2
1626,6.8,1
1627,3.8,1
1628,6.0,1
1629,6.9,1
1630,3.6,1
1631,11.0,3
1632,1.4,4
1633,9.4,2
1634,13.3,3
1635,17.1,4
1636,6.5,2
1637,5.5,3
1638,2.8,2
1639,1.4,1
1640,8.7,1
1641,0.6,2
1642,3.4,3
1643,1.2,1
1644,8.3,1
1645,25.7,1
1646,9.1,2
1647,3.9,1
1648,5.8,3
1649,7.7,4
1650,28.1,2
1651,13.9,3
1652,6.6,2
1653,12.6,4
1654,19.9,4
1655,4.5,2
1656,8.4,1
1657,4.0,3
1658,8.8,3
1659,16.7,2
1660,2.7,3
1661,8.6,2
1662,7.3,1
1663,19.1,4
1664,1.5,3
1665,3.0,2
1666,2.5,1
1667,18.1,1
1668,16.8,2
1669,2.7,4
1670,17.9,5
1671,2.0,1
1672,4.5,2
1673,10.8,1
1674,9.9,3
1675,11.9,2
1676,11.7,2
1677,6.6,5
1678,22.1,2
1679,11.8,2
1680,6.0,2
1681,12.2,1
1682,18.6,3
1683,11.4,2
1684,2.6,2
1685,17.0,3
1686,20.6,5
1687,14.1,3
1688,5.4,3
1689,7.2,4
1690,3.0,4
1691,25.3,2
1692,10.4,2
1693,30.6,3
1694,5.0,1
1695,5.0,4
1696,14.1,2
1697,15.2,1
1698,15.9,3
1699,1.4,3
1700,2.3,2
1701,8.1,1
1702,22.8,5
1703,17.6,3
1704,3.4,1
1705,15.1,5
1706,3.0,3
1707,28.5,1
1708,8.3,1
1709,5.4,1
1710,13.8,2
1711,10.8,4
1712,2.4,3
1713,4.2,2
1714,9.9,3
1715,21.2,2
1716,15.1,2
1717,15.9,5
1718,6.4,4
1719,5.3,2
1720,9.5,2
1721,6.2,4
1722,3.1,5
1723,6.7,5
1724,2.5,2
1725,16.1,4
1726,10.8,1
1727,6.7,3
1728,4.2,3
1729,13.5,2
1730,8.9,3
1731,9.9,1
1732,16.1,1
1733,6.1,1
1734,4.5,3
1735,8.3,2
1736,10.0,3
1737,0.8,1
1738,15.2,2
1739,15.0,2
1740,13.1,3
1741,6.2,3
1742,11.9,3
1743,5.6,3
1744,1.0,3
1745,13.4,3
1746,7.1,4
1747,0.1,3
1748,8.9,1
1749,3.1,3
1750,5.6,2
1751,10.4,2
1752,9.7,1
1753,0.3,4
1754,30.0,3
1755,5.1,2
1756,9.3,2
1757,2.3,2
1758,6.3,3
1759,6.2,3
1760,7.2,4
1761,14.2,1
1762,8.9,3
1763,5.2,1
1764,1.9,3
1765,8.3,3
1766,3.8,4
1767,2.3,2
1768,6.5,2
1769,2.8,3
1770,8.8,2
1771,5.8,2
1772,19.0,4
1773,19.8,3
1774,5.7,1
1775,10.2,2
1776,19.0,1
1777,12.6,1
1778,6.2,2
1779,1.7,1
1780,4.2,4
1781,1.6,2
1782,4.9,2
1783,1.8,1
1784,21.7,1
1785,17.5,2
1786,6.6,1
1787,8.2,1
1788,0.8,1
1789,11.8,2
1790,4.2,4
1791,10.5,2
1792,11.9,1
1793,18.0,1
1794,9.4,2
1795,11.6,1
1796,3.6,2
1797,11.3,3
1798,5.3,3
1799,7.3,5
1800,16.5,1
1801,38.4,5
1802,12.3,1
1803,7.9,2
1804,15.1,1
1805,8.6,2
1806,11.6,2
1807,9.0,1
1808,1.2,4
1809,14.6,2
1810,1.5,2
1811,4.7,4
1812,1.8,2
1813,1.4,1
1814,3.6,2
1815,6.2,2
1816,6.4,2
1817,21.8,5
1818,9.5,2
1819,9.4,2
1820,5.9,2
1821,9.3,4
1822,13.3,3
1823,4.1,2
1824,14.4,5
1825,14.3,2
1826,5.7,2
1827,3.9,2
1828,6.9,2
1829,16.2,2
1830,15.2,2
1831,9.6,2
1832,15.3,2
1833,23.7,5
1834,2.1,4
1835,21.2,1
1836,13.2,2
1837,3.8,2
1838,23.7,2
1839,5.5,2
1840,8.0,1
1841,2.3,1
1842,18.3,4
1843,9.1,4
1844,30.9,2
1845,6.9,3
1846,3.4,4
1847,8.1,2
1848,15.0,3
1849,11.4,2
1850,15.1,4
1851,4.9,1
1852,9.8,3
1853,12.8,2
1854,7.2,4
1855,9.7,3
1856,2.0,4
1857,4.2,2
1858,4.9,2
1859,7.9,2
1860,16.1,1
1861,34.6,4
1862,11.6,3
1863,4.3,4
1864,7.9,3
1865,3.8,2
1866,9.5,5
1867,7.0,4
1868,16.9,2
1869,27.1,2
1870,16.7,2
1871,3.8,2
1872,6.2,2
1873,6.4,1
1874,0.9,2
1875,10.8,3
1876,11.2,4
1877,3.2,4
1878,0.6,3
1879,1.7,2
1880,2.4,4
1881,10.4,1
1882,4.7,3
1883,14.2,4
1884,4.0,2
1885,9.5,1
1886,6.4,4
1887,14.2,4
1888,2.3,5
1889,12.8,1
1890,1.8,1
1891,16.9,1
1892,13.5,4
1893,6.5,2
1894,1.1,2
1895,0.8,1
1896,19.1,2
1897,4.2,2
1898,30.5,4
1899,6.4,5
1900,8.4,4
1901,9.7,2
1902,16.8,2
1903,13.5,1
1904,23.9,1
1905,7.6,2
1906,11.6,5
1907,16.5,5
1908,7.4,2
1909,3.8,3
1910,13.6,3
1911,3.0,3
1912,2.7,3
1913,22.3,1
1914,8.1,1
1915,2.5,4
1916,7.8,2
1917,13.5,2
1918,18.5,3
1919,15.0,1
1920,10.2,3
1921,4.2,2
1922,3.6,2
1923,3.7,1
1924,16.7,2
1925,29.8,1
1926,2.9,2
1927,17.6,1
1928,5.3,3
1929,0.6,5
1930,3.5,2
1931,1.1,1
1932,10.7,3
1933,7.1,4
1934,6.4,2
1935,12.3,3
1936,15.5,4
1937,10.6,2
1938,22.7,4
1939,6.2,4
1940,6.7,1
1941,9.6,2
1942,8.0,5
1943,11.4,4
1944,32.5,2
1945,22.1,3
1946,12.9,1
1947,6.3,1
1948,23.7,1
1949,14.9,2
1950,5.5,4
1951,3.6,3
1952,4.9,4
1953,4.8,2
1954,17.5,3
1955,1.1,1
1956,9.8,3
1957,5.2,3
1958,8.8,4
1959,17.0,4
1960,13.5,1
1961,17.6,3
1962,25.9,5
1963,12.1,2
1964,18.6,1
1965,15.3,2
1966,3.4,2
1967,4.3,3
1968,15.3,3
1969,6.2,1
1970,4.4,2
1971,12.6,3
1972,5.3,1
1973,22.2,1
1974,30.9,5
1975,8.5,2
1976,2.9,1
1977,10.4,3
1978,3.7,3
1979,3.5,3
1980,12.2,2
1981,2.9,3
1982,23.6,4
1983,3.5,2
1984,8.6,2
1985,3.2,2
1986,3.8,3
1987,8.5,4
1988,29.1,3
1989,12.5,2
1990,6.5,1
1991,10.8,3
1992,2.6,1
1993,15.9,2
1994,2.0,2
1995,2.8,1
1996,59.9,2
1997,10.0,3
1998,3.7,3
1999,5.0,1
2000,3.6,2
2001,11.3,1
2002,10.7,1
2003,13.2,4
2004,8.8,1
2005,19.0,4
2006,6.7,5
2007,22.3,4
2008,4.8,1
2009,12.1,2
2010,8.1,2
2011,7.8,4
2012,9.7,1
2013,9.2,4
2014,15.7,3
2015,3.5,1
2016,2.6,3
2017,7.0,1
2018,8.5,1
2019,3.5,4
2020,15.0,4
2021,3.8,1
2022,12.2,2
2023,9.5,2
2024,13.8,4
2025,3.1,1
2026,8.1,3
2027,1.8,2
2028,23.8,2
2029,10.6,3
2030,13.6,4
2031,15.5,2
2032,17.7,2
2033,6.1,1
2034,11.9,2
2035,5.7,3
2036,22.6,2
2037,5.5,4
2038,3.9,2
2039,9.9,2
2040,14.9,1
2041,2.9,4
2042,8.9,2
2043,6.6,2
2044,5.4,1
2045,14.4,3
2046,3.3,1
2047,17.2,2
2048,20.8,3
2049,14.3,3
2050,0.5,4
2051,7.0,2
2052,9.1,1
2053,9.3,2
2054,12.0,4
2055,5.2,4
2056,11.4,3
2057,10.4,4
2058,7.7,3
2059,19.1,4
2060,4.9,2
2061,10.2,2
2062,6.6,2
2063,3.1,2
2064,16.0,1
2065,9.2,1
2066,13.8,2
2067,19.7,3
2068,19.9,1
2069,10.4,3
2070,9.7,4
2071,7.1,2
2072,7.8,4
2073,8.5,3
2074,5.4,5
2075,3.5,4
2076,1.2,4
2077,9.7,2
2078,24.0,2
2079,11.0,3
2080,12.3,1
2081,24.6,2
2082,7.7,4
2083,3.2,3
2084,26.3,2
2085,12.5,2
2086,4.7,2
2087,1.1,1
2088,4.2,1
2089,11.5,1
2090,9.4,1
2091,3.6,3
2092,20.8,5
2093,7.3,2
2094,9.5,3
2095,16.9,1
2096,4.1,5
2097,11.1,2
2098,20.1,2
2099,7.0,3
2100,9.0,1
2101,11.7,2
2102,8.5,4
2103,10.9,2
2104,18.1,4
2105,7.7,3
2106,20.3,4
2107,13.7,2
2108,2.2,2
2109,15.6,2
2110,3.5,5
2111,23.5,4
2112,5.8,3
2113,6.2,2
2114,7.0,2
2115,21.0,5
2116,8.6,1
2117,1.6,3
2118,0.2,2
2119,2.4,3
2120,9.6,2
2121,4.9,2
2122,6.8,2
2123,2.4,4
2124,8.5,1
2125,5.3,4
2126,0.4,3
2127,4.2,3
2128,5.7,1
2129,12.6,1
2130,2.5,2
2131,14.1,2
2132,25.2,2
2133,3.5,1
2134,1.1,1
2135,21.5,5
2136,14.5,3
2137,1.7,3
2138,2.0,2
2139,6.3,1
2140,42.6,3
2141,12.4,4
2142,40.4,2
2143,4.6,3
2144,16.2,2
2145,8.1,2
2146,17.5,2
2147,4.7,2
2148,15.6,4
2149,5.0,3
2150,26.6,3
2151,4.6,2
2152,4.2,5
2153,10.4,2
2154,16.9,3
2155,2.1,1
2156,3.7,1
2157,18.5,1
2158,28.4,1
2159,15.0,5
2160,2.7,1
2161,19.9,3
2162,14.6,2
2163,4.3,4
2164,15.5,1
2165,23.6,2
2166,6.9,1
2167,13.5,4
2168,20.9,2
2169,13.1,2
2170,5.5,1
2171,15.0,4
2172,18.1,3
2173,30.1,2
2174,16.9,2
2175,15.6,1
2176,4.8,1
2177,7.5,1
2178,15.8,2
2179,11.7,2
2180,4.9,1
2181,15.0,2
2182,2.9,1
2183,33.1,3
2184,1.8,4
2185,21.3,3
2186,14.7,1
2187,5.0,4
2188,14.4,2
2189,13.0,2
2190,10.7,3
2191,4.8,2
2192,12.0,4
2193,3.1,2
2194,13.1,1
2195,7.4,4
2196,4.7,3
2197,4.4,2
2198,11.5,2
2199,7.5,3
2200,11.6,2
2201,15.5,1
2202,2.4,1
2203,5.0,4
2204,22.2,1
2205,5.3,3
2206,12.0,5
2207,7.6,1
2208,22.0,3
2209,16.7,2
2210,18.7,4
2211,4.0,3
2212,4.4,4
2213,6.5,2
2214,25.6,3
2215,28.0,2
2216,22.7,4
2217,15.9,2
2218,8.7,1
2219,5.4,3
2220,2.4,1
2221,4.7,1
2222,8.3,1
2223,27.3,2
2224,2.2,4
2225,0.0,1
2226,7.6,3
2227,9.0,1
2228,14.0,5
2229,2.7,1
2230,4.7,2
2231,2.9,2
2232,11.3,1
2233,4.3,3
2234,25.2,3
2235,14.2,4
2236,7.0,2
2237,3.7,2
2238,9.7,4
2239,10.1,3
2240,4.1,5
2241,6.7,4
2242,5.7,2
2243,11.3,2
2244,10.3,1
2245,1.0,2
2246,18.6,2
2247,2.5,2
2248,6.7,3
2249,9.0,3
2250,4.8,1
2251,4.3,1
2252,3.1,2
2253,4.8,1
2254,15.5,2
2255,1.5,1
2256,8.2,4
2257,20.5,1
2258,2.8,1
2259,11.2,4
2260,6.3,3
2261,10.2,2
2262,21.4,2
2263,6.4,4
2264,8.7,1
2265,9.2,2
2266,5.5,3
2267,6.3,3
2268,12.0,3
2269,19.4,4
2270,7.2,1
2271,13.3,1
2272,5.4,3
2273,3.2,3
2274,12.1,1
2275,25.9,2
2276,9.6,2
2277,3.3,2
2278,20.2,1
2279,27.4,1
2280,13.0,2
2281,11.1,4
2282,23.6,2
2283,7.9,2
2284,6.0,3
2285,16.8,3
2286,4.5,3
2287,7.8,2
2288,1.2,2
2289,6.7,2
2290,15.2,4
2291,1.4,3
2292,3.2,5
2293,16.9,5
2294,4.5,2
2295,12.4,2
2296,5.5,4
2297,18.3,2
2298,10.2,1
2299,10.1,2
2300,14.0,4
2301,14.3,1
2302,4.6,3
2303,20.9,2
2304,4.6,1
2305,15.3,1
2306,8.2,1
2307,1.4,3
2308,5.3,1
2309,9.8,2
2310,12.6,1
2311,12.3,3
2312,6.5,4
2313,4.2,1
2314,13.1,3
2315,9.7,5
2316,23.5,2
2317,11.3,1
2318,9.0,1
2319,10.1,2
2320,11.8,1
2321,6.9,2
2322,0.4,1
2323,11.1,4
2324,5.4,3
2325,6.0,2
2326,13.7,1
2327,9.4,4
2328,17.3,3
2329,6.4,5
2330,10.0,4
2331,18.0,1
2332,7.4,2
2333,4.2,2
2334,2.4,3
2335,8.1,2
2336,3.5,3
2337,2.1,1
2338,1.5,2
2339,17.0,4
2340,12.2,2
2341,12.0,1
2342,12.2,5
2343,5.2,5
2344,7.2,2
2345,3.4,2
2346,3.9,3
2347,4.7,2
2348,16.0,1
2349,7.9,1
2350,12.9,5
2351,3.8,2
2352,2.8,1
2353,4.7,4
2354,6.5,3
2355,9.6,1
2356,21.2,3
2357,2.6,2
2358,1.5,4
2359,8.1,1
2360,17.1,1
2361,2.0,2
2362,3.0,2
2363,32.5,4
2364,9.5,5
2365,17.2,2
2366,11.4,2
2367,1.7,2
2368,7.1,4
2369,13.2,4
2370,8.9,2
2371,19.6,2
2372,0.6,4
2373,1.5,3
2374,23.7,2
2375,7.4,4
2376,3.5,5
2377,11.7,4
2378,8.2,5
2379,7.8,1
2380,8.5,2
2381,38.7,2
2382,8.3,5
2383,23.6,3
2384,3.7,3
2385,5.8,1
2386,8.5,1
2387,5.0,2
2388,7.3,2
2389,19.3,3
2390,12.5,4
2391,3.1,2
2392,13.4,4
2393,13.4,1
2394,11.7,4
2395,12.3,3
2396,16.1,4
2397,22.4,3
2398,17.9,1
2399,8.6,2
2400,21.0,2
2401,7.1,1
2402,3.4,1
2403,20.6,4
2404,13.0,3
2405,12.8,2
2406,4.8,2
2407,5.3,1
2408,23.0,2
2409,12.3,1
2410,1.9,2
2411,5.2,3
2412,8.3,1
2413,15.8,4
2414,4.4,1
2415,1.6,1
2416,0.7,1
2417,10.1,3
2418,7.8,2
2419,8.3,1
2420,5.8,2
2421,3.7,3
2422,5.9,1
2423,2.7,3
2424,8.8,1
2425,2.0,3
2426,15.3,2
2427,13.2,5
2428,2.4,1
2429,1.2,4
2430,2.4,1
2431,13.4,2
2432,17.9,3
2433,2.3,1
2434,3.4,1
2435,8.7,3
2436,2.3,2
2437,2.8,2
2438,8.3,2
2439,3.9,1
2440,9.9,3
2441,12.5,1
2442,14.7,3
2443,20.8,1
2444,15.4,2
2445,11.2,1
2446,5.6,4
2447,0.8,1
2448,13.5,2
2449,6.0,4
2450,2.7,2
2451,4.7,2
2452,8.4,1
2453,12.1,3
2454,0.7,1
2455,2.3,4
2456,6.5,4
2457,22.2,4
2458,13.4,3
2459,26.3,2
2460,8.5,2
2461,7.2,1
2462,3.7,1
2463,3.3,5
2464,21.5,2
2465,5.0,4
2466,14.7,2
2467,4.6,3
2468,1.8,4
2469,8.7,2
2470,5.9,1
2471,21.0,3
2472,19.3,2
2473,6.5,3
2474,2.5,2
2475,4.4,3
2476,5.4,2
2477,15.3,2
2478,4.2,2
2479,15.1,2
2480,12.1,3
2481,12.9,1
2482,5.3,1
2483,19.2,2
2484,14.9,2
2485,11.6,1
2486,10.5,2
2487,5.7,4
2488,9.3,2
2489,7.0,3
2490,6.8,1
2491,9.7,2
2492,5.5,1
2493,18.3,1
2494,6.1,2
2495,8.6,3
2496,7.0,2
2497,3.1,2
2498,13.7,2
2499,12.2,2
2500,7.3,4
2501,12.8,1
2502,14.3,2
2503,7.2,2
2504,12.9,1
2505,16.4,2
2506,11.7,4
2507,16.8,3
2508,15.2,3
2509,16.7,1
2510,10.9,1
2511,9.8,1
2512,3.9,4
2513,8.9,2
2514,20.5,1
2515,5.4,3
2516,3.1,2
2517,15.7,1
2518,3.3,3
2519,0.9,2
2520,19.9,2
2521,16.5,4
2522,7.2,2
2523,11.1,2
2524,9.5,3
2525,12.2,2
2526,1.9,2
2527,8.7,1
2528,13.8,3
2529,10.2,4
2530,11.9,3
2531,3.0,3
2532,4.8,2
2533,3.2,4
2534,3.0,2
2535,4.7,2
2536,6.0,1
2537,4.9,3
2538,16.7,4
2539,32.6,1
2540,5.7,3
2541,5.9,5
2542,4.5,4
2543,3.2,2
2544,7.9,4
2545,19.0,1
2546,9.5,4
2547,0.3,3
2548,10.6,2
2549,10.7,1
2550,1.8,2
2551,5.5,3
2552,1.1,2
2553,1.8,2
2554,4.2,2
2555,1.6,1
2556,6.3,1
2557,11.0,1
2558,3.3,1
2559,8.7,1
2560,19.1,1
2561,10.1,2
2562,1.4,4
2563,13.0,2
2564,5.2,2
2565,14.9,2
2566,4.4,3
2567,10.7,2
2568,21.3,3
2569,4.3,4
2570,14.0,3
2571,8.6,4
2572,16.4,4
2573,19.0,3
2574,23.6,5
2575,36.6,3
2576,3.1,1
2577,3.9,3
2578,8.9,2
2579,8.1,2
2580,23.4,2
2581,11.6,3
2582,25.6,3
2583,7.4,3
2584,11.8,5
2585,4.2,4
2586,7.9,4
2587,2.8,2
2588,1.9,2
2589,4.1,3
2590,12.4,3
2591,7.9,2
2592,16.8,4
2593,3.5,2
2594,1.6,4
2595,17.1,2
2596,3.3,3
2597,7.5,3
2598,7.7,1
2599,12.4,3
2600,12.3,3
2601,8.1,3
2602,22.6,1
2603,5.5,4
2604,9.2,2
2605,9.2,1
2606,4.5,2
2607,9.9,2
2608,23.1,1
2609,6.6,2
2610,5.2,3
2611,13.1,3
2612,6.5,4
2613,21.2,5
2614,16.4,2
2615,29.9,2
2616,12.1,1
2617,1.7,2
2618,22.3,5
2619,4.2,3
2620,3.1,3
2621,9.6,2
2622,1.0,3
2623,4.0,2
2624,4.9,2
2625,28.7,3
2626,3.5,2
2627,16.4,1
2628,5.4,3
2629,3.7,1
2630,22.0,1
2631,3.4,3
2632,33.3,3
2633,8.7,4
2634,27.1,1
2635,23.5,3
2636,8.6,1
2637,11.0,1
2638,4.8,1
2639,9.2,4
2640,4.6,2
2641,4.3,2
2642,12.2,2
2643,8.3,2
2644,20.2,1
2645,4.0,1
2646,8.7,3
2647,6.7,1
2648,4.7,1
2649,3.6,2
2650,2.5,1
2651,0.7,2
2652,11.5,3
2653,7.2,2
2654,10.8,2
2655,10.1,3
2656,18.5,2
2657,7.1,1
2658,13.2,3
2659,3.4,2
2660,1.5,1
2661,3.4,1
2662,13.9,2
2663,14.1,1
2664,3.8,1
2665,8.6,1
2666,15.5,2
2667,5.0,2
2668,5.7,2
2669,3.3,4
2670,16.8,2
2671,15.0,2
2672,8.0,2
2673,3.0,2
2674,17.0,4
2675,19.5,1
2676,11.4,1
2677,2.6,4
2678,8.5,2
2679,17.6,2
2680,48.5,4
2681,14.5,4
2682,6.8,2
2683,6.3,1
2684,15.6,2
2685,1.2,2
2686,20.6,3
2687,1.4,2
2688,1.3,2
2689,18.6,4
2690,3.6,5
2691,0.5,1
2692,3.3,1
2693,2.5,1
2694,18.0,2
2695,6.9,1
2696,3.7,3
2697,8.4,4
2698,15.4,2
2699,6.2,2
2700,5.6,2
2701,9.7,1
2702,4.8,3
2703,4.5,2
2704,5.5,1
2705,1.5,2
2706,6.5,2
2707,8.9,2
2708,25.9,2
2709,18.6,3
2710,0.2,3
2711,12.8,3
2712,9.7,3
2713,10.2,1
2714,8.6,3
2715,15.4,2
2716,19.5,1
2717,4.1,4
2718,15.6,1
2719,10.9,2
2720,28.5,2
2721,7.8,1
2722,5.3,3
2723,8.9,1
2724,7.5,3
2725,4.0,3
2726,6.0,2
2727,4.8,2
2728,1.3,1
2729,14.9,1
2730,2.7,4
2731,1.3,3
2732,8.4,2
2733,9.6,2
2734,16.4,1
2735,14.0,1
2736,22.7,3
2737,4.0,3
2738,6.5,4
2739,17.1,1
2740,13.3,1
2741,25.0,4
2742,9.7,2
2743,3.6,2
2744,5.8,3
2745,2.2,2
2746,18.7,1
2747,13.1,2
2748,24.4,2
2749,13.9,4
2750,15.2,5
2751,13.8,2
2752,3.6,2
2753,4.9,4
2754,5.0,3
2755,8.8,4
2756,11.6,2
2757,4.4,5
2758,9.9,2
2759,14.1,1
2760,7.2,2
2761,23.9,2
2762,6.7,1
2763,12.6,3
2764,11.5,3
2765,2.0,2
2766,10.6,5
2767,8.6,3
2768,4.5,3
2769,9.7,1
2770,7.4,4
2771,4.0,2
2772,8.7,3
2773,14.4,2
2774,15.2,5
2775,13.2,3
2776,20.3,1
2777,4.3,2
2778,19.0,3
2779,10.1,2
2780,1.9,1
2781,1.8,3
2782,12.8,1
2783,7.8,3
2784,5.2,4
2785,6.9,4
2786,6.9,2
2787,9.9,3
2788,4.4,3
2789,12.5,2
2790,7.3,3
2791,12.5,2
2792,5.4,2
2793,8.3,2
2794,9.0,4
2795,11.3,1
2796,12.7,2
2797,1.6,5
2798,13.0,1
2799,9.4,3
2800,8.7,1
2801,17.7,3
2802,3.3,1
2803,7.8,4
2804,10.8,2
2805,13.5,2
2806,11.8,2
2807,5.7,1
2808,22.9,1
2809,14.9,3
2810,6.8,2
2811,4.8,2
2812,11.1,2
2813,6.9,3
2814,6.7,1
2815,8.0,3
2816,3.1,5
2817,2.4,2
2818,3.8,2
2819,3.2,2
2820,2.3,2
2821,5.9,3
2822,5.0,2
2823,31.8,3
2824,14.7,4
2825,2.8,1
2826,3.9,1
2827,28.3,1
2828,34.3,3
2829,6.8,2
2830,11.8,2
2831,6.9,4
2832,7.9,2
2833,18.9,2
2834,1.5,2
2835,10.2,2
2836,11.7,2
2837,11.5,3
2838,2.7,2
2839,0.7,1
2840,4.0,3
2841,0.4,2
2842,2.5,2
2843,6.5,1
2844,14.1,2
2845,29.1,2
2846,9.9,5
2847,2.8,2
2848,14.4,4
2849,12.1,3
2850,7.8,2
2851,18.6,4
2852,8.4,5
2853,8.5,3
2854,27.8,2
2855,11.9,3
2856,6.3,3
2857,2.1,2
2858,26.1,3
2859,11.9,2
2860,8.0,1
2861,2.2,2
2862,4.1,2
2863,11.0,4
2864,5.2,2
2865,9.9,4
2866,12.7,1
2867,3.7,3
2868,3.1,1
2869,7.4,3
2870,5.5,3
2871,5.1,1
2872,8.3,4
2873,23.9,5
2874,6.6,1
2875,9.1,3
2876,10.6,2
2877,17.4,2
2878,5.6,2
2879,14.6,2
2880,13.0,3
2881,1.5,1
2882,4.6,4
2883,23.1,3
2884,0.8,4
2885,5.6,5
2886,1.8,4
2887,11.7,3
2888,1.2,2
2889,4.5,3
2890,16.0,2
2891,6.4,2
2892,11.6,1
2893,16.2,2
2894,4.3,3
2895,5.1,2
2896,11.6,3
2897,1.8,2
2898,3.2,4
2899,2.4,2
2900,9.9,1
2901,14.1,4
2902,4.8,2
2903,6.7,2
2904,10.0,2
2905,7.5,4
2906,20.7,2
2907,27.4,5
2908,2.9,2
2909,2.8,2
2910,24.1,1
2911,9.6,1
2912,17.4,1
2913,0.8,3
2914,16.3,2
2915,24.5,2
2916,7.5,3
2917,6.2,4
2918,19.2,2
2919,15.1,4
2920,9.6,1
2921,13.1,2
2922,12.5,1
2923,9.3,2
2924,6.3,2
2925,14.4,2
2926,6.7,1
2927,2.7,2
2928,10.7,1
2929,9.3,2
2930,17.3,1
2931,11.1,4
2932,8.2,3
2933,0.9,2
2934,4.2,1
2935,7.3,4
2936,2.9,3
2937,9.0,3
2938,9.0,2
2939,1.1,3
2940,4.5,3
2941,8.7,3
2942,8.0,1
2943,7.7,3
2944,2.7,4
2945,2.9,4
2946,9.8,3
2947,9.6,1
2948,17.8,2
2949,9.9,2
2950,19.0,1
2951,10.8,2
2952,18.0,2
2953,2.5,2
2954,1.3,3
2955,35.5,2
2956,1.2,1
2957,14.5,2
2958,8.4,2
2959,9.2,2
2960,5.4,1
2961,0.9,2
2962,15.9,1
2963,11.2,4
2964,2.6,1
2965,7.8,2
2966,29.4,2
2967,20.6,2
2968,12.5,2
2969,3.5,4
2970,2.6,2
2971,2.8,1
2972,17.3,2
2973,2.6,2
2974,5.8,4
2975,19.5,2
2976,6.1,2
2977,8.7,1
2978,40.4,2
2979,6.1,3
2980,11.7,3
2981,15.0,1
2982,5.5,2
2983,0.3,3
2984,1.3,2
2985,13.6,3
2986,6.5,2
2987,16.1,3
2988,3.7,2
2989,5.0,2
2990,24.5,2
2991,1.6,1
2992,6.8,3
2993,25.6,5
2994,5.3,1
2995,3.6,1
2996,6.1,1
2997,5.7,1
2998,15.1,1
2999,9.8,1
3000,9.6,1
3001,7.2,2
3002,5.1,1
3003,2.5,1
3004,17.8,1
3005,11.5,2
3006,7.4,2
3007,13.6,3
3008,5.7,5
3009,5.9,1
3010,8.6,4
3011,22.3,2
3012,7.7,3
3013,9.9,4
3014,5.0,2
3015,15.5,3
3016,3.6,3
3017,5.0,4
3018,8.3,3
3019,4.0,1
3020,3.9,1
3021,8.3,1
3022,8.7,2
3023,17.1,2
3024,12.6,2
3025,1.0,3
3026,7.1,1
3027,0.2,3
3028,11.0,1
3029,2.8,3
3030,14.7,2
3031,13.4,3
3032,8.6,1
3033,10.9,2
3034,1.2,2
3035,3.3,3
3036,11.2,1
3037,3.8,3
3038,7.0,2
3039,21.1,2
3040,9.9,3
3041,7.7,2
3042,5.7,1
3043,11.1,5
3044,4.1,2
3045,1.3,3
3046,5.9,2
3047,3.2,3
3048,0.5,4
3049,5.2,4
3050,5.1,3
3051,15.2,4
3052,15.4,5
3053,7.6,2
3054,4.1,2
3055,13.9,3
3056,19.5,1
3057,15.2,2
3058,11.8,2
3059,12.8,3
3060,17.3,2
3061,11.5,1
3062,3.4,2
3063,5.0,3
3064,15.7,1
3065,9.9,5
3066,4.7,1
3067,0.3,4
3068,5.2,1
3069,13.7,5
3070,1.5,2
3071,7.9,1
3072,18.2,5
3073,5.6,5
3074,17.1,2
3075,2.3,4
3076,9.7,1
3077,18.5,2
3078,6.4,4
3079,7.2,4
3080,13.4,3
3081,6.5,1
3082,3.3,1
3083,18.2,3
3084,3.3,2
3085,23.9,1
3086,3.9,2
3087,3.7,4
3088,12.3,3
3089,16.5,4
3090,8.6,2
3091,10.0,4
3092,1.9,5
3093,7.1,2
3094,6.5,4
3095,2.2,1
3096,9.0,1
3097,5.3,1
3098,9.8,2
3099,10.2,1
3100,5.3,2
3101,14.4,1
3102,2.2,4
3103,5.2,2
3104,6.2,2
3105,5.0,3
3106,12.0,4
3107,10.2,2
3108,3.4,2
3109,6.6,3
3110,5.7,3
3111,3.4,2
3112,4.5,5
3113,21.1,2
3114,6.7,1
3115,10.6,2
3116,6.3,3
3117,10.0,3
3118,2.0,5
3119,7.4,1
3120,10.0,2
3121,7.8,1
3122,8.6,4
3123,16.1,2
3124,11.4,4
3125,5.8,1
3126,7.6,1
3127,11.5,3
3128,14.2,2
3129,10.2,3
3130,3.6,3
3131,0.8,3
3132,3.3,1
3133,10.8,4
3134,12.0,1
3135,4.5,1
3136,15.3,2
3137,9.5,2
3138,2.7,1
3139,26.6,2
3140,1.4,2
3141,19.5,2
3142,12.2,2
3143,2.8,1
3144,14.9,3
3145,8.8,2
3146,9.5,2
3147,5.0,3
3148,9.1,4
3149,1.1,5
3150,8.2,1
3151,7.2,5
3152,14.4,1
3153,5.4,2
3154,7.3,1
3155,10.8,3
3156,3.7,1
3157,3.2,2
3158,16.7,2
3159,2.5,2
3160,32.8,1
3161,1.1,2
3162,19.7,2
3163,2.7,2
3164,17.3,5
3165,1.4,1
3166,9.4,4
3167,15.5,1
3168,9.6,2
3169,19.9,1
3170,17.7,2
3171,2.1,3
3172,2.8,2
3173,14.4,1
3174,11.6,3
3175,4.1,1
3176,5.5,1
3177,9.2,2
3178,12.2,2
3179,6.0,2
3180,1.4,1
3181,3.3,3
3182,3.5,5
3183,3.2,4
3184,3.8,1
3185,17.1,3
3186,4.0,3
3187,11.0,1
3188,15.8,3
3189,21.1,4
3190,15.4,2
3191,3.0,2
3192,10.4,4
3193,2.9,2
3194,15.4,1
3195,13.2,4
3196,22.9,5
3197,13.4,3
3198,7.4,1
3199,8.0,3
3200,1.7,1
3201,11.0,1
3202,3.1,1
3203,7.1,3
3204,6.5,2
3205,16.3,3
3206,2.3,2
3207,3.1,2
3208,16.0,3
3209,11.0,2
3210,5.0,5
3211,18.7,4
3212,6.7,2
3213,16.2,4
3214,4.7,1
3215,14.4,2
3216,25.5,3
3217,6.2,1
3218,1.6,2
3219,3.3,2
3220,21.7,1
3221,9.0,2
3222,10.9,4
3223,15.0,2
3224,30.1,2
3225,5.3,2
3226,14.3,3
3227,2.5,2
3228,4.8,2
3229,3.6,4
3230,1.7,2
3231,16.4,4
3232,11.2,4
3233,1.9,5
3234,9.8,2
3235,7.1,1
3236,3.6,4
3237,2.9,4
3238,14.7,3
3239,6.1,2
3240,3.8,2
3241,9.4,2
3242,0.9,4
3243,15.7,1
3244,2.6,2
3245,1.6,3
3246,7.4,2
3247,13.3,3
3248,2.0,2
3249,2.8,1
3250,4.9,2
3251,18.5,2
3252,4.1,1
3253,19.0,2
3254,15.4,1
3255,1.8,2
3256,14.6,3
3257,11.9,1
3258,7.5,2
3259,0.8,1
3260,6.5,1
3261,4.2,4
3262,25.9,1
3263,9.4,1
3264,9.0,2
3265,13.0,1
3266,19.9,1
3267,4.2,4
3268,31.3,2
3269,12.7,1
3270,13.8,2
3271,6.2,4
3272,7.4,4
3273,9.7,3
3274,9.6,1
3275,7.1,3
3276,11.6,4
3277,20.7,2
3278,27.8,2
3279,1.6,1
3280,13.0,1
3281,11.5,4
3282,14.6,4
3283,16.8,1
3284,8.4,2
3285,2.8,2
3286,16.4,5
3287,6.0,1
3288,22.4,4
3289,13.9,4
3290,0.6,1
3291,17.6,1
3292,3.1,4
3293,2.0,1
3294,1.3,2
3295,13.1,4
3296,4.3,3
3297,7.6,1
3298,3.7,4
3299,36.6,3
3300,3.1,1
3301,1.8,1
3302,8.5,2
3303,6.3,3
3304,8.7,1
3305,3.0,3
3306,10.0,1
3307,19.6,2
3308,12.7,2
3309,10.3,4
3310,7.9,2
3311,14.3,5
3312,10.7,2
3313,12.9,2
3314,5.0,2
3315,6.8,4
3316,10.8,3
3317,15.7,4
3318,8.5,5
3319,12.9,1
3320,6.7,1
3321,10.6,1
3322,17.1,3
3323,16.7,3
3324,5.9,3
3325,2.0,2
3326,23.1,3
3327,6.5,3
3328,3.3,4
3329,3.5,2
3330,12.0,5
3331,4.2,3
3332,25.5,1
3333,1.0,3
3334,3.9,2
3335,9.3,1
3336,6.5,1
3337,10.1,1
3338,7.1,4
3339,21.8,4
3340,16.9,1
3341,11.2,2
3342,15.9,3
3343,0.3,5
3344,12.2,4
3345,20.9,2
3346,0.9,4
3347,7.2,5
3348,27.1,3
3349,16.0,2
3350,17.2,2
3351,4.7,3
3352,5.9,2
3353,29.1,2
3354,4.1,1
3355,4.8,2
3356,14.1,4
3357,17.4,1
3358,19.4,5
3359,6.5,4
3360,7.0,4
3361,3.5,1
3362,10.4,1
3363,15.5,1
3364,17.9,3
3365,1.1,2
3366,5.3,3
3367,12.6,2
3368,16.2,2
3369,13.1,2
3370,10.6,2
3371,4.6,1
3372,20.3,1
3373,11.8,1
3374,3.8,4
3375,4.9,2
3376,6.8,1
3377,10.1,3
3378,3.2,2
3379,3.4,3
3380,30.4,2
3381,6.9,1
3382,18.5,4
3383,3.7,2
3384,11.5,2
3385,6.6,3
3386,8.0,3
3387,5.9,5
3388,7.8,1
3389,16.3,3
3390,9.0,1
3391,21.7,4
3392,9.2,1
3393,6.2,2
3394,12.8,4
3395,18.9,4
3396,3.4,2
3397,22.1,5
3398,3.6,5
3399,16.1,1
3400,4.6,3
3401,21.5,3
3402,7.1,5
3403,3.0,3
3404,14.0,4
3405,8.8,2
3406,25.9,1
3407,2.2,1
3408,10.9,1
3409,3.6,3
3410,7.5,2
3411,4.6,3
3412,4.6,1
3413,28.2,2
3414,3.0,1
3415,5.1,2
3416,15.1,3
3417,4.0,3
3418,6.1,4
3419,15.6,2
3420,7.3,2
3421,3.5,2
3422,12.8,2
3423,10.5,2
3424,15.5,2
3425,5.3,1
3426,25.2,3
3427,25.3,2
3428,11.6,1
3429,6.5,4
3430,4.1,2
3431,10.0,1
3432,2.7,3
3433,7.3,3
3434,14.3,4
3435,7.5,2
3436,22.3,2
3437,9.0,4
3438,14.1,2
3439,4.9,2
3440,5.3,2
3441,6.5,4
3442,6.5,2
3443,2.5,2
3444,8.8,2
3445,18.8,4
3446,17.6,4
3447,11.8,2
3448,7.9,5
3449,18.8,1
3450,14.0,3
3451,15.9,4
3452,3.1,3
3453,8.2,2
3454,7.5,2
3455,2.5,2
3456,1.5,2
3457,6.9,1
3458,5.6,3
3459,7.1,2
3460,4.1,2
3461,11.1,3
3462,2.8,1
3463,12.9,2
3464,12.4,5
3465,8.9,1
3466,23.7,1
3467,5.9,3
3468,15.6,4
3469,8.9,4
3470,9.0,1
3471,15.0,1
3472,20.1,3
3473,2.9,2
3474,1.8,4
3475,8.1,5
3476,27.7,2
3477,3.0,5
3478,3.4,2
3479,26.3,4
3480,4.1,4
3481,4.7,2
3482,0.7,4
3483,5.1,2
3484,9.6,3
3485,12.4,2
3486,3.6,1
3487,8.0,4
3488,9.4,1
3489,4.0,1
3490,10.7,4
3491,10.1,2
3492,1.9,2
3493,7.6,2
3494,21.8,2
3495,8.3,4
3496,4.1,3
3497,8.9,4
3498,12.8,4
3499,16.2,3
3500,22.0,2
3501,1.1,4
3502,29.7,3
3503,12.5,3
3504,8.7,2
3505,23.0,2
3506,12.5,2
3507,2.2,1
3508,16.4,2
3509,4.4,2
3510,10.9,2
3511,2.7,4
3512,6.2,3
3513,26.7,3
3514,11.4,2
3515,27.4,4
3516,1.1,1
3517,7.6,2
3518,4.7,2
3519,5.0,1
3520,6.1,1
3521,19.1,2
3522,10.3,3
3523,37.0,2
3524,2.8,1
3525,13.1,4
3526,11.1,3
3527,6.3,2
3528,21.5,3
3529,2.0,4
3530,6.9,2
3531,2.3,2
3532,1.0,2
3533,7.6,1
3534,8.1,2
3535,10.3,2
3536,18.3,1
3537,13.9,3
3538,9.8,2
3539,3.5,3
3540,17.9,4
3541,7.2,1
3542,1.9,2
3543,3.7,5
3544,3.2,1
3545,10.6,2
3546,15.7,4
3547,11.3,5
3548,7.0,1
3549,10.6,2
3550,7.6,2
3551,9.5,1
3552,2.2,3
3553,22.5,2
3554,21.1,2
3555,6.1,2
3556,8.2,1
3557,17.7,2
3558,26.8,2
3559,25.2,3
3560,3.8,2
3561,12.8,2
3562,29.2,1
3563,4.2,1
3564,6.8,1
3565,17.4,1
3566,6.2,3
3567,29.6,2
3568,11.3,1
3569,7.8,2
3570,34.5,4
3571,5.7,2
3572,31.0,2
3573,14.1,1
3574,15.5,2
3575,16.9,2
3576,11.0,2
3577,13.2,2
3578,36.6,2
3579,5.4,2
3580,5.5,1
3581,6.7,2
3582,12.3,2
3583,24.9,1
3584,14.4,1
3585,3.1,2
3586,9.6,2
3587,9.6,2
3588,13.2,2
3589,11.0,1
3590,7.7,1
3591,9.0,2
3592,16.4,3
3593,6.4,4
3594,5.6,2
3595,5.1,2
3596,17.0,3
3597,6.1,3
3598,26.3,2
3599,12.4,2
3600,16.5,3
3601,3.7,1
3602,13.5,1
3603,14.7,2
3604,17.3,1
3605,2.2,3
3606,8.6,4
3607,4.6,1
3608,25.4,1
3609,8.7,1
3610,18.0,5
3611,23.8,1
3612,11.9,1
3613,22.6,2
3614,10.9,1
3615,8.7,4
3616,7.8,3
3617,18.8,2
3618,18.9,3
3619,11.1,2
3620,3.9,4
3621,3.1,3
3622,5.5,1
3623,17.0,3
3624,5.8,3
3625,6.2,1
3626,23.1,2
3627,3.8,2
3628,7.0,3
3629,37.5,2
3630,2.3,2
3631,4.8,3
3632,10.5,1
3633,2.9,3
3634,4.0,2
3635,9.9,1
3636,8.1,2
3637,9.1,1
3638,5.8,1
3639,11.6,4
3640,20.0,3
3641,22.7,3
3642,22.0,4
3643,9.8,1
3644,21.8,2
3645,21.2,1
3646,8.1,2
3647,1.4,3
3648,12.4,4
3649,22.5,4
3650,4.7,1
3651,2.6,2
3652,9.8,4
3653,2.0,2
3654,15.9,3
3655,6.2,1
3656,7.1,2
3657,23.7,2
3658,4.7,4
3659,1.6,1
3660,3.3,1
3661,6.8,3
3662,11.9,3
3663,14.4,2
3664,1.3,1
3665,6.0,4
3666,17.3,3
3667,11.6,3
3668,9.9,1
3669,6.2,4
3670,4.2,2
3671,7.1,3
3672,6.1,2
3673,10.4,3
3674,12.6,1
3675,12.2,1
3676,15.5,1
3677,6.2,1
3678,4.5,3
3679,18.6,5
3680,36.4,1
3681,3.7,2
3682,11.0,4
3683,21.0,3
3684,15.0,2
3685,7.7,1
3686,4.5,4
3687,6.2,2
3688,4.5,1
3689,8.3,3
3690,10.3,4
3691,5.0,4
3692,4.6,5
3693,4.0,2
3694,13.7,2
3695,3.6,4
3696,4.1,2
3697,2.4,2
3698,13.5,1
3699,2.9,2
3700,15.2,2
3701,4.6,2
3702,20.1,2
3703,8.0,4
3704,9.8,4
3705,11.4,4
3706,3.6,2
3707,6.3,2
3708,3.5,2
3709,2.8,3
3710,6.6,1
3711,7.3,2
3712,9.1,2
3713,6.6,2
3714,5.5,2
3715,3.0,4
3716,5.4,4
3717,4.3,2
3718,6.7,2
3719,6.7,1
3720,9.9,1
3721,3.7,3
3722,1.1,2
3723,4.7,3
3724,6.8,1
3725,20.0,1
3726,17.6,4
3727,0.6,4
3728,8.5,4
3729,6.2,1
3730,17.0,3
3731,3.0,1
3732,20.5,2
3733,10.9,2
3734,7.5,1
3735,22.0,4
3736,3.1,2
3737,32.7,3
3738,0.7,2
3739,4.4,4
3740,13.3,4
3741,9.2,3
3742,4.9,3
3743,4.7,3
3744,15.9,5
3745,5.4,4
3746,3.1,2
3747,7.5,5
3748,4.6,2
3749,2.5,1
3750,1.6,5
3751,11.7,2
3752,4.7,2
3753,1.7,1
3754,8.4,4
3755,11.1,2
3756,16.9,1
3757,3.2,4
3758,14.5,2
3759,12.2,2
3760,1.5,3
3761,11.6,2
3762,4.6,2
3763,21.6,2
3764,4.5,2
3765,1.5,3
3766,3.2,2
3767,8.9,4
3768,2.4,2
3769,6.2,3
3770,9.6,2
3771,2.3,5
3772,6.9,4
3773,3.2,1
3774,2.6,3
3775,1.9,3
3776,8.7,2
3777,6.1,4
3778,5.2,4
3779,9.5,4
3780,13.5,3
3781,1.3,1
3782,15.5,2
3783,3.3,1
3784,18.1,1
3785,14.9,2
3786,7.3,3
3787,3.3,3
3788,7.1,2
3789,12.7,3
3790,7.4,3
3791,19.4,1
3792,3.2,1
3793,4.1,5
3794,9.8,1
3795,19.6,3
3796,14.0,1
3797,7.8,3
3798,13.8,1
3799,4.8,2
3800,10.4,1
3801,14.2,2
3802,21.9,4
3803,9.6,4
3804,11.7,2
3805,5.6,3
3806,8.3,4
3807,4.0,3
3808,19.4,2
3809,15.0,4
3810,11.1,2
3811,25.1,2
3812,14.2,2
3813,1.9,3
3814,10.8,5
3815,10.0,3
3816,3.5,3
3817,13.3,3
3818,1.0,3
3819,6.9,3
3820,20.3,1
3821,5.2,2
3822,8.4,2
3823,8.3,2
3824,1.1,2
3825,7.8,1
3826,13.3,2
3827,20.3,3
3828,35.3,3
3829,7.6,2
3830,14.0,1
3831,1.7,2
3832,2.9,1
3833,5.0,2
3834,1.9,1
3835,1.9,2
3836,12.5,5
3837,5.1,2
3838,7.0,1
3839,6.5,4
3840,28.4,4
3841,4.7,2
3842,12.8,3
3843,12.4,2
3844,8.9,3
3845,6.7,3
3846,3.3,1
3847,5.0,1
3848,3.2,5
3849,8.5,1
3850,9.4,1
3851,11.4,1
3852,3.3,5
3853,7.0,4
3854,1.8,1
3855,2.1,1
3856,9.8,3
3857,12.7,4
3858,6.7,3
3859,14.1,4
3860,24.5,2
3861,20.8,3
3862,7.3,5
3863,1.0,2
3864,7.4,3
3865,13.0,3
3866,16.9,5
3867,25.3,3
3868,7.2,5
3869,16.2,2
3870,10.5,2
3871,4.7,3
3872,3.5,1
3873,9.5,4
3874,1.9,4
3875,11.8,3
3876,9.2,2
3877,10.2,3
3878,17.5,3
3879,22.1,4
3880,33.7,2
3881,19.7,3
3882,7.6,2
3883,3.6,2
3884,8.3,5
3885,0.8,4
3886,13.5,2
3887,1.7,2
3888,15.2,1
3889,5.8,1
3890,43.1,1
3891,20.6,3
3892,3.6,1
3893,10.4,2
3894,6.7,2
3895,9.1,2
3896,18.0,2
3897,8.1,2
3898,5.5,2
3899,7.6,2
3900,8.8,3
3901,12.2,2
3902,6.5,1
3903,6.5,1
3904,13.4,1
3905,6.6,2
3906,16.9,1
3907,15.0,4
3908,21.1,2
3909,6.0,1
3910,6.4,1
3911,18.2,3
3912,13.1,3
3913,4.3,1
3914,0.8,2
3915,17.9,1
3916,14.2,1
3917,8.3,3
3918,3.7,1
3919,2.1,2
3920,4.1,3
3921,13.3,2
3922,0.5,2
3923,4.4,1
3924,6.5,1
3925,3.9,2
3926,3.3,3
3927,10.3,2
3928,3.6,5
3929,17.6,1
3930,10.4,2
3931,6.4,2
3932,13.3,4
3933,3.0,4
3934,7.4,4
3935,7.2,3
3936,8.7,1
3937,4.6,1
3938,8.8,3
3939,20.4,1
3940,10.1,1
3941,6.0,5
3942,6.7,4
3943,7.9,1
3944,5.0,3
3945,12.8,1
3946,8.9,4
3947,1.2,4
3948,5.4,2
3949,13.7,4
3950,7.7,2
3951,6.7,2
3952,4.6,2
3953,4.9,2
3954,8.5,3
3955,2.9,1
3956,5.3,2
3957,8.0,3
3958,12.3,1
3959,10.5,2
3960,3.1,2
3961,6.2,3
3962,19.1,3
3963,0.2,3
3964,2.4,1
3965,10.9,3
3966,3.0,1
3967,1.9,2
3968,13.7,5
3969,20.7,1
3970,2.9,2
3971,12.9,2
3972,2.0,3
3973,14.9,4
3974,20.6,1
3975,2.5,2
3976,11.1,1
3977,6.3,3
3978,4.1,2
3979,18.9,3
3980,8.8,1
3981,11.0,3
3982,6.6,3
3983,13.9,2
3984,5.7,1
3985,9.1,1
3986,9.6,3
3987,19.0,1
3988,15.3,1
3989,26.8,1
3990,7.1,1
3991,7.9,4
3992,1.4,1
3993,8.5,1
3994,9.1,2
3995,9.8,2
3996,12.7,3
3997,9.0,1
3998,16.7,2
3999,34.1,2
4000,6.8,1
4001,36.7,2
4002,26.1,1
4003,1.8,2
4004,23.7,4
4005,0.8,4
4006,10.3,3
4007,4.0,2
4008,2.2,2
4009,9.9,3
4010,9.6,4
4011,7.1,2
4012,6.5,2
4013,13.0,2
4014,13.5,1
4015,5.9,2
4016,3.4,2
4017,1.8,1
4018,15.0,1
4019,3.6,1
4020,9.9,1
4021,20.4,2
4022,0.9,4
4023,2.2,2
4024,15.8,2
4025,2.3,2
4026,8.0,1
4027,4.3,2
4028,3.0,2
4029,8.6,1
4030,24.0,2
4031,8.1,3
4032,6.5,2
4033,3.9,4
4034,11.5,2
4035,24.3,2
4036,14.5,1
4037,7.9,3
4038,15.6,3
4039,5.6,3
4040,3.3,4
4041,23.2,4
4042,5.7,4
4043,6.2,5
4044,10.3,2
4045,8.7,3
4046,8.3,3
4047,3.1,3
4048,2.3,1
4049,12.7,2
4050,2.5,2
4051,4.3,1
4052,3.0,3
4053,8.8,2
4054,18.2,3
4055,6.5,2
4056,17.8,2
4057,17.9,2
4058,3.1,2
4059,2.3,4
4060,7.8,4
4061,16.8,1
4062,7.5,1
4063,3.8,2
4064,7.3,5
4065,16.1,2
4066,4.8,1
4067,15.3,4
4068,25.8,1
4069,10.6,2
4070,5.7,3
4071,8.1,3
4072,8.7,3
4073,28.4,1
4074,9.8,2
4075,3.1,5
4076,15.1,1
4077,12.2,1
4078,27.5,1
4079,10.6,1
4080,1.3,4
4081,1.2,3
4082,10.7,2
4083,14.0,3
4084,9.4,2
4085,10.6,5
4086,17.1,1
4087,6.0,2
4088,16.3,3
4089,34.3,4
4090,12.5,1
4091,12.9,4
4092,12.9,2
4093,15.6,2
4094,11.8,3
4095,15.0,1
4096,4.9,2
4097,14.6,1
4098,11.0,4
4099,18.3,2
4100,14.4,5
4101,14.0,1
4102,11.3,1
4103,5.9,2
4104,2.3,2
4105,8.1,2
4106,13.9,2
4107,9.4,3
4108,10.4,3
4109,20.1,1
4110,9.7,3
4111,8.6,4
4112,2.4,2
4113,11.4,1
4114,3.9,1
4115,24.7,2
4116,8.8,4
4117,4.7,2
4118,6.0,3
4119,4.6,1
4120,6.9,2
4121,0.7,2
4122,19.1,1
4123,2.0,2
4124,19.3,1
4125,5.8,2
4126,6.9,3
4127,7.0,4
4128,0.4,3
4129,15.3,5
4130,5.2,5
4131,7.3,4
4132,13.5,3
4133,9.7,1
4134,16.6,1
4135,6.9,2
4136,3.2,1
4137,10.0,1
4138,11.8,2
4139,4.3,2
4140,4.2,4
4141,19.9,2
4142,13.9,1
4143,16.3,5
4144,3.0,5
4145,15.6,1
4146,5.7,4
4147,5.3,4
4148,5.9,3
4149,3.5,2
4150,2.0,2
4151,27.1,2
4152,6.4,3
4153,13.1,1
4154,19.3,2
4155,9.9,2
4156,13.1,2
4157,29.0,1
4158,10.3,4
4159,8.8,2
4160,9.8,2
4161,6.9,4
4162,3.6,3
4163,3.1,3
4164,5.4,2
4165,20.6,3
4166,5.1,2
4167,7.0,1
4168,6.9,1
4169,10.4,4
4170,4.1,2
4171,10.4,4
4172,17.7,3
4173,6.4,1
4174,6.8,2
4175,4.9,1
4176,14.0,2
4177,38.7,1
4178,6.5,3
4179,13.3,2
4180,6.0,1
4181,7.3,2
4182,12.6,2
4183,3.2,1
4184,6.0,3
4185,14.6,2
4186,15.5,3
4187,6.6,3
4188,4.5,2
4189,10.4,1
4190,12.2,2
4191,5.4,2
4192,2.8,4
4193,6.3,1
4194,6.7,1
4195,10.9,1
4196,21.9,2
4197,10.3,3
4198,12.5,2
4199,1.2,3
4200,6.3,4
4201,3.1,2
4202,4.8,1
4203,6.1,2
4204,2.0,2
4205,2.5,2
4206,19.1,3
4207,12.8,2
4208,5.7,2
4209,19.9,3
4210,16.0,1
4211,3.2,2
4212,2.9,4
4213,10.0,1
4214,7.3,3
4215,3.7,1
4216,10.5,2
4217,18.0,2
4218,7.4,3
4219,7.5,2
4220,7.1,2
4221,8.8,2
4222,25.7,1
4223,11.5,4
4224,3.9,3
4225,9.4,5
4226,8.9,2
4227,6.5,4
4228,3.5,2
4229,5.8,2
4230,1.1,2
4231,14.5,1
4232,7.1,3
4233,2.0,3
4234,10.9,2
4235,4.7,1
4236,10.3,2
4237,6.7,1
4238,12.4,4
4239,12.2,1
4240,12.5,2
4241,6.4,2
4242,13.1,2
4243,23.9,4
4244,4.6,2
4245,10.6,1
4246,14.3,3
4247,6.4,2
4248,13.6,3
4249,3.5,2
4250,20.5,1
4251,17.2,2
4252,6.9,1
4253,3.5,3
4254,4.3,3
4255,8.5,1
4256,5.9,1
4257,6.4,3
4258,19.0,2
4259,6.2,2
4260,7.2,4
4261,3.8,2
4262,4.8,2
4263,3.4,4
4264,1.6,1
4265,3.1,1
4266,5.3,2
4267,11.2,4
4268,1.4,4
4269,17.6,3
4270,4.7,2
4271,15.4,1
4272,25.2,2
4273,4.4,2
4274,4.1,2
4275,9.8,4
4276,12.8,2
4277,4.3,5
4278,4.5,4
4279,8.5,2
4280,15.0,1
4281,27.0,4
4282,4.5,1
4283,12.5,2
4284,16.7,4
4285,3.1,4
4286,10.8,4
4287,11.8,3
4288,6.5,4
4289,16.4,1
4290,11.1,2
4291,16.6,4
4292,48.7,2
4293,9.3,2
4294,16.3,1
4295,8.8,1
4296,8.4,2
4297,23.8,2
4298,6.1,5
4299,12.3,2
4300,20.8,1
4301,14.9,4
4302,12.3,2
4303,9.0,2
4304,3.6,1
4305,7.3,3
4306,14.4,4
4307,7.2,4
4308,7.6,2
4309,12.7,2
4310,3.5,3
4311,31.1,1
4312,4.3,1
4313,8.0,1
4314,5.6,1
4315,17.5,4
4316,1.2,3
4317,0.6,2
4318,7.0,3
4319,2.7,1
4320,4.8,1
4321,9.6,2
4322,16.4,1
4323,3.2,2
4324,9.4,2
4325,9.8,1
4326,5.0,5
4327,9.2,5
4328,9.3,1
4329,5.2,1
4330,13.2,2
4331,4.4,2
4332,7.7,4
4333,17.2,2
4334,6.9,2
4335,7.4,1
4336,3.5,5
4337,13.4,2
4338,3.7,5
4339,21.0,2
4340,2.5,4
4341,6.5,4
4342,9.9,3
4343,7.3,2
4344,5.2,2
4345,7.9,2
4346,24.8,5
4347,2.9,2
4348,18.0,2
4349,4.7,2
4350,20.7,5
4351,21.0,4
4352,7.8,2
4353,10.8,1
4354,22.3,2
4355,3.8,1
4356,4.7,3
4357,1.1,3
4358,13.2,2
4359,18.4,1
4360,1.6,2
4361,5.2,5
4362,5.7,2
4363,13.5,4
4364,6.2,2
4365,5.0,3
4366,4.2,5
4367,11.9,4
4368,8.1,2
4369,15.0,2
4370,20.8,3
4371,6.0,1
4372,3.4,2
4373,6.0,3
4374,8.7,4
4375,9.3,1
4376,31.7,4
4377,8.2,1
4378,9.3,2
4379,6.7,5
4380,7.6,3
4381,9.5,2
4382,5.2,2
4383,3.9,2
4384,9.8,2
4385,6.1,2
4386,2.8,4
4387,23.8,3
4388,16.8,3
4389,5.7,4
4390,9.5,2
4391,2.7,2
4392,2.3,2
4393,9.6,3
4394,7.8,2
4395,6.3,2
4396,10.6,1
4397,6.9,2
4398,3.7,1
4399,2.6,2
4400,17.9,2
4401,4.4,2
4402,7.3,1
4403,8.0,1
4404,4.1,3
4405,30.9,3
4406,8.5,3
4407,11.2,2
4408,29.5,5
4409,6.8,2
4410,3.8,1
4411,13.7,3
4412,14.5,2
4413,5.5,4
4414,13.7,4
4415,3.3,2
4416,21.6,2
4417,2.2,2
4418,3.5,3
4419,4.3,1
4420,8.3,3
4421,3.3,2
4422,6.7,2
4423,10.4,1
4424,6.1,2
4425,8.6,2
4426,6.2,3
4427,3.8,1
4428,3.1,3
4429,11.1,2
4430,1.7,5
4431,2.5,2
4432,13.8,4
4433,25.0,2
4434,8.3,1
4435,9.9,1
4436,5.1,3
4437,4.8,2
4438,20.0,3
4439,1.7,1
4440,11.0,4
4441,31.1,2
4442,7.5,2
4443,29.9,1
4444,11.6,2
4445,0.9,2
4446,13.4,1
4447,20.8,3
4448,16.1,1
4449,7.2,4
4450,21.2,2
4451,2.5,4
4452,6.6,1
4453,4.2,2
4454,15.3,5
4455,5.1,3
4456,4.8,2
4457,13.7,4
4458,2.1,1
4459,7.0,4
4460,14.6,3
4461,23.9,4
4462,16.7,1
4463,14.8,3
4464,7.6,2
4465,13.5,3
4466,5.1,2
4467,12.7,4
4468,3.5,5
4469,9.9,3
4470,4.6,2
4471,8.3,4
4472,4.8,3
4473,0.1,1
4474,10.2,1
4475,2.6,2
4476,27.7,3
4477,20.9,1
4478,7.3,2
4479,4.5,2
4480,11.2,3
4481,15.0,5
4482,27.4,2
4483,0.5,2
4484,2.6,2
4485,7.8,2
4486,19.0,2
4487,15.3,2
4488,6.5,4
4489,13.9,2
4490,2.3,1
4491,3.1,2
4492,12.9,3
4493,2.3,1
4494,14.9,4
4495,5.2,5
4496,5.1,2
4497,1.2,3
4498,7.3,4
4499,2.9,2
4500,8.7,2
4501,24.9,2
4502,3.1,1
4503,3.6,2
4504,34.6,2
4505,3.9,2
4506,4.6,2
4507,15.3,3
4508,9.2,2
4509,3.3,1
4510,7.9,1
4511,13.8,1
4512,13.8,1
4513,7.9,2
4514,5.4,1
4515,8.4,3
4516,3.4,2
4517,14.3,2
4518,11.5,2
4519,22.6,2
4520,5.5,2
4521,0.5,3
4522,7.4,2
4523,11.5,3
4524,3.3,2
4525,10.6,1
4526,26.5,5
4527,2.5,5
4528,5.0,3
4529,29.7,4
4530,19.2,2
4531,17.0,3
4532,4.0,1
4533,7.8,4
4534,4.4,2
4535,6.6,2
4536,10.3,2
4537,3.9,2
4538,4.9,4
4539,18.0,2
4540,9.6,3
4541,11.3,3
4542,14.0,4
4543,2.6,3
4544,14.2,2
4545,1.4,4
4546,16.0,4
4547,16.7,1
4548,21.2,1
4549,2.5,4
4550,21.9,1
4551,11.9,2
4552,14.7,3
4553,3.1,2
4554,7.1,2
4555,2.0,1
4556,37.5,2
4557,20.6,2
4558,11.7,2
4559,7.2,1
4560,5.0,4
4561,8.4,2
4562,10.7,2
4563,6.3,2
4564,15.3,2
4565,10.3,2
4566,7.7,1
4567,0.7,2
4568,29.6,3
4569,20.6,2
4570,8.9,1
4571,3.2,2
4572,7.2,1
4573,34.4,1
4574,5.6,2
4575,8.1,1
4576,3.6,3
4577,7.5,2
4578,19.6,2
4579,8.1,1
4580,7.9,2
4581,7.9,3
4582,10.4,3
4583,4.3,1
4584,6.4,1
4585,5.9,4
4586,4.6,1
4587,9.9,1
4588,11.5,2
4589,4.3,2
4590,15.3,2
4591,6.0,4
4592,7.7,2
4593,9.5,2
4594,4.9,5
4595,11.5,1
4596,23.3,2
4597,4.2,4
4598,8.6,1
4599,16.8,3
4600,10.0,1
4601,25.6,3
4602,15.2,3
4603,5.9,2
4604,2.0,3
4605,5.6,4
4606,7.0,1
4607,3.8,3
4608,3.4,1
4609,11.6,1
4610,17.0,4
4611,7.1,2
4612,9.7,3
4613,2.9,2
4614,3.2,5
4615,15.2,2
4616,17.6,4
4617,5.6,2
4618,16.0,3
4619,3.1,3
4620,4.7,2
4621,29.8,4
4622,14.3,1
4623,8.0,3
4624,2.9,4
4625,9.1,3
4626,17.5,2
4627,9.0,2
4628,2.8,2
4629,11.9,4
4630,3.5,3
4631,12.3,3
4632,26.0,2
4633,13.3,2
4634,7.2,4
4635,14.1,2
4636,3.5,1
4637,11.5,5
4638,3.4,1
4639,2.9,2
4640,17.5,2
4641,4.5,1
4642,1.0,5
4643,9.2,1
4644,2.7,4
4645,4.2,1
4646,11.7,3
4647,29.4,1
4648,14.1,4
4649,2.6,4
4650,13.2,2
4651,3.9,2
4652,4.5,4
4653,7.4,3
4654,2.4,3
4655,5.1,4
4656,6.2,1
4657,13.4,2
4658,10.4,2
4659,16.8,1
4660,9.9,1
4661,2.0,2
4662,13.6,2
4663,11.5,1
4664,6.6,1
4665,13.2,3
4666,8.4,1
4667,4.1,2
4668,9.0,4
4669,11.4,1
4670,15.9,5
4671,20.9,1
4672,17.9,2
4673,13.3,4
4674,15.5,2
4675,1.6,2
4676,2.8,2
4677,2.9,3
4678,17.4,2
4679,24.2,1
4680,9.0,2
4681,9.1,2
4682,6.4,4
4683,9.6,3
4684,10.2,2
4685,12.0,4
4686,4.5,3
4687,11.3,1
4688,14.6,2
4689,2.7,2
4690,6.7,3
4691,11.1,3
4692,8.7,2
4693,1.0,2
4694,5.2,5
4695,12.4,3
4696,17.6,1
4697,7.3,2
4698,1.7,3
4699,14.8,1
4700,4.0,3
4701,26.0,4
4702,3.8,2
4703,7.3,1
4704,14.4,4
4705,7.8,4
4706,6.5,4
4707,2.8,2
4708,6.0,4
4709,5.5,3
4710,2.6,1
4711,3.4,1
4712,7.2,3
4713,1.7,3
4714,10.7,1
4715,7.8,1
4716,18.9,2
4717,7.2,3
4718,14.9,2
4719,14.2,2
4720,6.0,2
4721,5.7,3
4722,4.9,2
4723,11.0,2
4724,9.2,4
4725,0.3,4
4726,8.2,1
4727,18.7,3
4728,9.2,2
4729,15.5,3
4730,4.6,2
4731,3.3,2
4732,2.7,4
4733,7.2,3
4734,26.5,4
4735,8.4,2
4736,11.4,2
4737,20.8,4
4738,14.4,3
4739,38.0,1
4740,4.9,4
4741,12.0,4
4742,14.6,3
4743,8.1,1
4744,21.2,2
4745,4.5,1
4746,12.0,2
4747,9.2,3
4748,3.4,2
4749,12.3,4
4750,4.5,2
4751,7.9,2
4752,8.9,1
4753,4.4,2
4754,2.2,1
4755,13.8,1
4756,7.9,2
4757,7.3,2
4758,13.5,4
4759,8.9,3
4760,11.6,1
4761,11.3,2
4762,1.8,1
4763,1.8,5
4764,11.6,2
4765,0.6,2
4766,12.2,1
4767,10.0,1
4768,2.2,1
4769,8.7,2
4770,11.8,1
4771,4.6,5
4772,5.6,2
4773,5.2,1
4774,1.4,1
4775,9.6,3
4776,7.8,4
4777,3.7,3
4778,10.5,2
4779,3.2,1
4780,16.9,1
4781,2.2,1
4782,5.9,2
4783,7.8,2
4784,16.5,2
4785,10.8,3
4786,2.1,3
4787,4.8,2
4788,5.7,3
4789,5.9,1
4790,14.0,1
4791,7.7,1
4792,12.5,4
4793,12.2,2
4794,10.3,2
4795,6.2,2
4796,11.6,4
4797,8.7,3
4798,42.8,3
4799,17.0,3
4800,20.9,3
4801,13.4,3
4802,28.7,3
4803,6.3,2
4804,8.3,3
4805,20.7,4
4806,10.6,1
4807,8.6,2
4808,12.0,3
4809,14.1,1
4810,4.5,1
4811,2.8,4
4812,3.3,2
4813,3.3,1
4814,22.3,2
4815,14.0,1
4816,15.0,2
4817,13.2,2
4818,5.0,4
4819,1.8,1
4820,13.6,4
4821,9.7,3
4822,0.5,4
4823,9.0,2
4824,4.8,1
4825,5.2,2
4826,7.0,4
4827,18.9,4
4828,4.7,2
4829,2.3,1
4830,7.3,3
4831,25.8,2
4832,4.2,3
4833,18.0,2
4834,13.4,5
4835,3.7,1
4836,7.1,2
4837,3.8,3
4838,5.7,3
4839,3.0,2
4840,8.6,1
4841,18.2,1
4842,1.8,1
4843,13.8,2
4844,4.6,2
4845,9.2,4
4846,3.3,4
4847,5.5,4
4848,9.1,2
4849,23.8,2
4850,4.6,3
4851,23.9,5
4852,4.2,3
4853,7.5,4
4854,12.3,4
4855,6.6,2
4856,17.6,4
4857,3.9,2
4858,8.8,4
4859,7.6,4
4860,6.1,4
4861,1.3,4
4862,10.9,1
4863,4.8,4
4864,8.0,2
4865,10.0,1
4866,4.4,2
4867,9.0,2
4868,6.3,4
4869,3.1,3
4870,22.5,2
4871,11.5,4
4872,8.0,4
4873,9.5,2
4874,19.7,3
4875,26.3,1
4876,18.4,5
4877,1.3,2
4878,10.3,4
4879,19.5,2
4880,10.3,3
4881,11.3,4
4882,16.1,3
4883,7.9,1
4884,5.6,2
4885,3.4,2
4886,2.0,2
4887,2.2,1
4888,8.0,1
4889,11.5,3
4890,11.0,3
4891,18.8,4
4892,9.7,4
4893,26.5,3
4894,8.3,2
4895,4.0,1
4896,17.8,3
4897,3.2,5
4898,53.3,4
4899,14.1,2
4900,14.9,1
4901,5.9,3
4902,5.2,1
4903,16.9,1
4904,11.4,2
4905,16.3,2
4906,34.6,1
4907,16.4,3
4908,20.1,4
4909,9.0,1
4910,8.4,3
4911,11.4,3
4912,6.6,3
4913,16.3,2
4914,9.9,3
4915,3.8,2
4916,5.5,3
4917,15.3,1
4918,25.8,3
4919,10.8,1
4920,4.4,1
4921,13.3,2
4922,15.7,4
4923,2.4,2
4924,26.9,5
4925,1.3,1
4926,2.1,4
4927,29.3,2
4928,11.0,2
4929,10.9,2
4930,5.1,4
4931,1.3,3
4932,18.4,2
4933,19.1,1
4934,7.8,2
4935,12.4,2
4936,8.3,1
4937,32.5,1
4938,3.5,2
4939,3.9,1
4940,6.8,2
4941,4.6,2
4942,3.6,2
4943,15.1,1
4944,4.2,1
4945,13.9,3
4946,2.9,4
4947,2.7,1
4948,2.6,3
4949,5.4,2
4950,14.0,2
4951,7.7,1
4952,1.3,3
4953,13.3,1
4954,10.4,1
4955,5.5,1
4956,9.0,1
4957,10.9,2
4958,10.1,5
4959,22.4,2
4960,17.1,3
4961,12.5,2
4962,12.9,1
4963,3.3,2
4964,4.9,2
4965,4.1,1
4966,3.3,2
4967,3.2,1
4968,5.4,3
4969,5.8,2
4970,15.8,1
4971,10.3,1
4972,7.3,2
4973,17.1,1
4974,6.4,1
4975,10.6,3
4976,7.0,4
4977,14.9,1
4978,10.8,2
4979,5.0,1
4980,5.8,2
4981,2.4,2
4982,6.6,1
4983,11.3,2
4984,4.1,3
4985,13.1,2
4986,8.3,3
4987,19.4,3
4988,7.2,1
4989,5.4,4
4990,1.3,2
4991,18.9,5
4992,16.4,1
4993,15.1,2
4994,3.4,5
4995,15.3,2
4996,1.9,2
4997,6.9,2
4998,9.7,3
4999,1.7,3
5000,14.3,4
5001,22.7,3
5002,4.4,2
5003,33.6,3
5004,18.4,1
5005,3.8,4
5006,10.3,3
5007,0.7,1
5008,6.7,3
5009,4.5,1
5010,4.0,1
5011,14.5,1
5012,21.9,2
5013,3.7,2
5014,0.9,1
5015,0.7,2
5016,26.4,4
5017,21.3,3
5018,15.1,2
5019,4.6,1
5020,2.3,3
5021,4.1,2
5022,6.4,2
5023,9.2,3
5024,5.1,3
5025,12.9,2
5026,4.0,2
5027,8.0,2
5028,2.8,1
5029,10.6,3
5030,8.8,2
5031,7.0,2
5032,16.1,2
5033,3.0,2
5034,9.5,2
5035,3.7,4
5036,10.9,2
5037,3.0,1
5038,8.4,2
5039,13.6,2
5040,5.9,3
5041,29.7,2
5042,7.4,2
5043,13.7,2
5044,17.1,1
5045,15.3,4
5046,16.3,2
5047,2.2,1
5048,4.0,2
5049,7.3,4
5050,7.6,1
5051,4.9,2
5052,3.4,3
5053,8.4,5
5054,17.4,2
5055,4.4,1
5056,7.1,2
5057,10.9,2
5058,19.6,4
5059,10.7,2
5060,11.0,2
5061,3.8,4
5062,8.1,2
5063,14.2,2
5064,1.9,1
5065,23.1,2
5066,4.0,3
5067,12.9,4
5068,4.1,3
5069,13.3,2
5070,2.5,3
5071,7.9,3
5072,9.4,2
5073,8.2,1
5074,3.8,2
5075,21.7,2
5076,3.1,1
5077,9.4,3
5078,19.5,4
5079,2.8,1
5080,9.3,3
5081,9.3,1
5082,5.2,1
5083,1.9,4
5084,11.1,3
5085,7.9,4
5086,8.8,2
5087,8.3,4
5088,18.2,2
5089,11.8,1
5090,11.9,1
5091,4.6,2
5092,14.4,2
5093,2.2,2
5094,21.1,3
5095,5.4,3
5096,13.2,1
5097,4.8,5
5098,4.1,2
5099,7.4,2
5100,2.5,1
5101,3.9,4
5102,7.7,2
5103,5.7,1
5104,4.7,4
5105,4.9,1
5106,15.3,2
5107,5.5,4
5108,7.6,4
5109,10.2,4
5110,6.9,3
5111,11.7,3
5112,28.1,2
5113,16.7,2
5114,10.0,2
5115,4.3,5
5116,2.5,3
5117,2.3,1
5118,8.6,4
5119,10.3,5
5120,20.1,2
5121,8.7,2
5122,2.7,2
5123,10.2,1
5124,3.0,5
5125,13.2,2
5126,5.6,3
5127,6.3,1
5128,12.4,2
5129,6.1,4
5130,3.9,1
5131,6.6,3
5132,2.9,2
5133,27.1,4
5134,8.9,3
5135,3.6,4
5136,12.9,3
5137,3.6,5
5138,15.9,2
5139,7.4,2
5140,1.1,1
5141,14.5,4
5142,15.2,3
5143,13.2,4
5144,8.3,1
5145,29.8,2
5146,3.1,2
5147,1.3,3
5148,15.6,5
5149,19.4,4
5150,10.0,1
5151,18.5,5
5152,8.1,1
5153,10.5,2
5154,2.8,1
5155,3.8,3
5156,10.5,1
5157,11.8,4
5158,3.6,5
5159,1.4,2
5160,3.6,4
5161,9.0,2
5162,1.4,3
5163,7.5,3
5164,11.7,1
5165,7.5,2
5166,14.6,1
5167,0.7,5
5168,15.9,1
5169,9.2,4
5170,5.3,1
5171,20.7,1
5172,7.5,1
5173,3.8,3
5174,8.3,5
5175,12.6,2
5176,3.7,2
5177,3.5,1
5178,23.9,1
5179,7.1,1
5180,2.3,3
5181,13.0,2
5182,6.8,3
5183,9.8,2
5184,1.5,2
5185,14.8,3
5186,10.2,4
5187,6.8,4
5188,4.8,1
5189,3.4,2
5190,4.2,2
5191,15.1,1
5192,8.6,3
5193,3.9,3
5194,2.8,2
5195,9.8,2
5196,6.8,1
5197,17.9,3
5198,14.0,3
5199,11.5,4
5200,10.3,1
5201,9.0,3
5202,11.5,3
5203,12.2,2
5204,7.0,2
5205,0.0,2
5206,4.0,1
5207,11.6,2
5208,4.1,3
5209,4.5,1
5210,12.5,1
5211,2.7,1
5212,8.2,1
5213,22.4,3
5214,1.6,3
5215,11.4,2
5216,2.7,2
5217,7.1,2
5218,12.1,2
5219,34.1,2
5220,7.7,2
5221,12.8,1
5222,6.5,2
5223,26.0,3
5224,14.6,2
5225,5.7,4
5226,8.9,2
5227,12.8,5
5228,5.0,4
5229,6.8,4
5230,4.9,2
5231,3.5,3
5232,8.0,1
5233,27.1,1
5234,12.7,1
5235,9.8,3
5236,11.4,3
5237,24.0,1
5238,4.9,4
5239,8.2,2
5240,13.5,4
5241,6.8,2
5242,3.0,2
5243,17.4,5
5244,6.3,2
5245,3.1,1
5246,2.9,2
5247,8.8,1
5248,0.9,4
5249,7.8,2
5250,15.2,4
5251,9.3,1
5252,4.3,2
5253,2.2,4
5254,8.9,3
5255,3.8,1
5256,14.6,1
5257,6.7,4
5258,4.7,3
5259,26.3,1
5260,10.8,2
5261,6.7,4
5262,12.6,1
5263,10.9,3
5264,13.6,1
5265,17.8,5
5266,21.0,2
5267,26.2,2
5268,4.9,3
5269,6.4,4
5270,9.6,2
5271,8.5,1
5272,9.1,2
5273,7.7,3
5274,3.2,2
5275,3.3,5
5276,28.3,1
5277,29.7,1
5278,5.4,2
5279,5.4,2
5280,2.9,3
5281,5.0,1
5282,5.6,2
5283,10.0,1
5284,3.0,1
5285,3.1,2
5286,21.3,3
5287,3.1,1
5288,15.5,2
5289,8.2,3
5290,9.2,4
5291,4.1,1
5292,18.7,5
5293,14.6,3
5294,12.3,2
5295,24.5,5
5296,5.3,1
5297,1.7,1
5298,7.3,4
5299,6.5,3
5300,6.4,1
5301,27.3,3
5302,11.6,1
5303,4.6,1
5304,8.4,4
5305,2.1,2
5306,11.2,2
5307,15.8,3
5308,8.5,3
5309,20.3,2
5310,9.8,1
5311,16.5,3
5312,8.9,2
5313,4.5,3
5314,6.4,3
5315,4.3,2
5316,17.9,1
5317,13.2,1
5318,4.1,2
5319,2.7,3
5320,21.6,5
5321,6.9,3
5322,7.2,2
5323,13.0,2
5324,17.2,2
5325,27.8,4
5326,6.0,2
5327,29.9,4
5328,7.0,1
5329,10.5,1
5330,5.7,2
5331,3.6,2
5332,10.8,1
5333,9.2,2
5334,25.3,3
5335,7.0,3
5336,8.5,2
5337,12.1,3
5338,6.9,1
5339,3.9,2
5340,3.1,3
5341,9.7,2
5342,17.9,1
5343,10.2,4
5344,17.3,3
5345,5.6,3
5346,5.3,4
5347,10.9,2
5348,6.9,3
5349,17.6,2
5350,5.0,1
5351,4.6,4
5352,6.9,3
5353,12.4,2
5354,3.4,2
5355,13.4,1
5356,6.5,3
5357,6.9,3
5358,9.3,2
5359,14.5,5
5360,11.4,2
5361,4.5,4
5362,5.9,3
5363,5.1,2
5364,11.6,2
5365,6.6,3
5366,4.5,3
5367,6.1,3
5368,4.1,1
5369,4.8,3
5370,7.9,4
5371,11.7,4
5372,5.7,1
5373,2.3,1
5374,21.4,4
5375,8.3,5
5376,2.9,3
5377,7.1,2
5378,17.8,3
5379,10.5,2
5380,13.5,4
5381,7.4,5
5382,3.5,1
5383,2.9,3
5384,9.6,1
5385,7.7,1
5386,14.8,2
5387,3.7,2
5388,10.8,3
5389,7.0,2
5390,11.3,2
5391,11.1,2
5392,10.6,1
5393,16.1,2
5394,26.0,3
5395,18.7,2
5396,5.7,2
5397,9.3,2
5398,8.0,2
5399,4.5,2
5400,4.9,3
5401,6.7,1
5402,15.4,2
5403,1.3,2
5404,22.6,3
5405,27.7,2
5406,25.0,4
5407,6.7,2
5408,7.2,2
5409,8.9,4
5410,5.7,1
5411,11.1,2
5412,1.1,3
5413,4.8,2
5414,9.4,1
5415,31.2,3
5416,2.5,4
5417,5.0,3
5418,4.3,3
5419,12.5,2
5420,9.3,2
5421,2.7,1
5422,1.6,1
5423,16.6,4
5424,6.4,2
5425,13.4,1
5426,6.3,3
5427,22.7,4
5428,10.3,1
5429,9.4,4
5430,4.6,2
5431,18.5,3
5432,27.6,2
5433,5.2,3
5434,12.1,4
5435,6.5,1
5436,11.3,1
5437,7.5,2
5438,18.6,3
5439,4.4,2
5440,5.9,3
5441,11.8,1
5442,9.9,3
5443,14.1,5
5444,9.6,2
5445,5.1,4
5446,4.0,4
5447,17.5,3
5448,3.3,5
5449,7.7,1
5450,8.8,1
5451,18.2,2
5452,3.0,1
5453,3.8,1
5454,5.1,3
5455,3.1,4
5456,17.6,4
5457,7.4,2
5458,19.9,1
5459,7.0,2
5460,3.9,1
5461,8.9,1
5462,3.9,1
5463,3.6,1
5464,10.6,2
5465,15.8,1
5466,5.9,2
5467,2.8,4
5468,6.7,5
5469,0.1,3
5470,10.7,2
5471,7.1,2
5472,7.6,3
5473,19.0,3
5474,2.7,1
5475,14.5,1
5476,4.4,1
5477,10.8,1
5478,22.7,3
5479,2.9,3
5480,14.4,3
5481,5.5,5
5482,8.6,2
5483,27.3,1
5484,21.3,2
5485,12.7,2
5486,4.8,3
5487,19.1,2
5488,18.8,2
5489,13.3,2
5490,4.6,2
5491,4.7,2
5492,7.5,2
5493,4.4,4
5494,27.0,2
5495,8.1,1
5496,22.4,1
5497,5.1,3
5498,13.9,3
5499,11.4,1
5500,27.5,1
5501,13.0,3
5502,6.6,1
5503,21.8,4
5504,12.3,1
5505,0.4,3
5506,11.7,3
5507,14.7,3
5508,8.4,1
5509,6.9,2
5510,1.7,2
5511,8.7,4
5512,3.0,4
5513,16.7,1
5514,14.3,1
5515,7.1,3
5516,14.0,3
5517,3.7,4
5518,4.1,3
5519,9.6,2
5520,1.3,2
5521,2.9,1
5522,13.4,1
5523,12.8,4
5524,16.1,4
5525,17.0,1
5526,3.0,4
5527,2.7,3
5528,15.4,3
5529,1.6,3
5530,7.5,1
5531,8.4,2
5532,6.3,4
5533,23.7,2
5534,6.4,3
5535,2.6,3
5536,4.9,2
5537,10.9,4
5538,17.9,5
5539,15.9,1
5540,3.3,3
5541,4.1,1
5542,4.4,2
5543,9.8,3
5544,31.2,3
5545,5.0,2
5546,10.2,5
5547,24.8,1
5548,5.6,2
5549,14.1,3
5550,7.2,1
5551,7.8,2
5552,9.1,3
5553,7.6,3
5554,10.6,4
5555,8.6,1
5556,5.3,2
5557,22.0,3
5558,8.3,1
5559,24.6,4
5560,15.7,4
5561,11.8,2
5562,1.2,4
5563,6.4,4
5564,41.1,2
5565,29.5,2
5566,9.5,1
5567,12.1,2
5568,8.9,3
5569,13.7,3
5570,29.5,1
5571,10.5,1
5572,10.4,2
5573,4.6,2
5574,6.1,3
5575,5.3,1
5576,13.4,3
5577,16.3,2
5578,5.3,2
5579,26.9,2
5580,24.3,3
5581,2.0,3
5582,19.9,3
5583,15.2,1
5584,35.0,1
5585,2.3,3
5586,4.7,3
5587,8.6,3
5588,20.3,2
5589,7.0,4
5590,0.6,2
5591,3.0,3
5592,5.8,5
5593,2.2,3
5594,13.5,1
5595,11.1,4
5596,17.6,3
5597,6.1,3
5598,9.3,3
5599,11.1,3
5600,4.5,3
5601,11.5,4
5602,7.2,3
5603,7.8,3
5604,28.0,2
5605,10.0,1
5606,4.6,2
5607,5.1,4
5608,1.5,2
5609,1.4,2
5610,10.3,2
5611,2.5,4
5612,4.8,2
5613,13.9,2
5614,6.0,4
5615,9.8,3
5616,1.9,3
5617,1.4,4
5618,5.8,2
5619,9.8,2
5620,18.1,3
5621,13.6,2
5622,6.0,2
5623,18.3,2
5624,15.3,2
5625,7.1,1
5626,3.2,3
5627,7.6,2
5628,12.5,1
5629,14.5,1
5630,9.5,1
5631,11.6,1
5632,7.0,2
5633,16.6,2
5634,9.8,1
5635,12.7,1
5636,12.4,2
5637,8.8,1
5638,1.6,1
5639,10.3,1
5640,20.8,1
5641,8.9,2
5642,9.7,4
5643,8.8,2
5644,8.9,1
5645,3.0,1
5646,24.7,1
5647,2.0,4
5648,6.0,1
5649,13.0,1
5650,8.3,1
5651,12.6,3
5652,11.0,2
5653,11.8,2
5654,3.3,2
5655,10.3,1
5656,4.9,2
5657,2.8,2
5658,5.2,4
5659,4.9,2
5660,12.6,2
5661,16.9,2
5662,9.0,3
5663,7.2,2
5664,11.6,2
5665,14.3,3
5666,7.7,2
5667,10.8,4
5668,4.6,3
5669,6.6,2
5670,6.3,3
5671,6.6,4
5672,20.4,1
5673,11.2,3
5674,2.6,4
5675,21.9,2
5676,20.3,1
5677,3.6,2
5678,4.1,3
5679,4.6,1
5680,7.5,1
5681,13.0,1
5682,9.3,3
5683,5.3,5
5684,5.4,1
5685,10.3,1
5686,29.5,1
5687,1.3,1
5688,6.2,3
5689,5.5,3
5690,11.2,2
5691,15.9,5
5692,7.6,4
5693,12.3,2
5694,4.9,3
5695,5.9,4
5696,13.4,3
5697,3.8,2
5698,6.2,4
5699,6.9,1
5700,11.4,1
5701,6.6,2
5702,18.8,4
5703,4.0,2
5704,14.0,1
5705,5.4,2
5706,8.9,3
5707,2.6,2
5708,7.8,4
5709,3.2,4
5710,3.1,1
5711,7.4,2
5712,2.6,3
5713,2.3,2
5714,7.0,3
5715,8.3,2
5716,8.4,2
5717,2.9,4
5718,3.1,2
5719,7.1,2
5720,15.2,2
5721,1.8,1
5722,20.2,2
5723,5.7,3
5724,17.7,4
5725,2.0,1
5726,12.1,1
5727,3.8,2
5728,11.0,1
5729,3.2,1
5730,4.5,3
5731,15.5,2
5732,8.1,3
5733,7.4,1
5734,12.3,2
5735,9.8,3
5736,3.3,2
5737,11.1,3
5738,2.7,2
5739,4.0,3
5740,0.6,2
5741,31.2,3
5742,8.3,2
5743,6.0,1
5744,15.1,2
5745,13.3,1
5746,15.0,2
5747,5.7,2
5748,0.2,2
5749,8.7,1
5750,4.0,1
5751,4.8,2
5752,6.7,2
5753,2.0,2
5754,3.2,2
5755,4.0,2
5756,1.0,1
5757,6.7,4
5758,12.9,4
5759,12.0,4
5760,2.0,2
5761,2.3,1
5762,10.6,3
5763,7.6,1
5764,15.9,2
5765,24.9,2
5766,19.2,1
5767,8.6,2
5768,24.5,4
5769,5.6,1
5770,8.5,2
5771,14.7,4
5772,2.9,2
5773,16.3,2
5774,7.9,4
5775,9.3,4
5776,2.3,4
5777,7.9,3
5778,7.5,2
5779,22.1,1
5780,7.5,2
5781,7.4,2
5782,11.7,1
5783,5.9,2
5784,6.3,2
5785,10.0,4
5786,3.6,3
5787,4.8,4
5788,10.8,2
5789,10.9,1
5790,17.0,3
5791,13.3,1
5792,8.2,2
5793,7.7,2
5794,9.6,4
5795,9.2,4
5796,6.1,4
5797,7.0,2
5798,7.2,2
5799,11.5,5
5800,4.8,2
5801,5.5,5
5802,5.6,2
5803,6.9,2
5804,5.9,1
5805,11.5,1
5806,3.0,2
5807,16.0,4
5808,9.9,1
5809,15.0,3
5810,5.0,2
5811,12.5,1
5812,6.7,1
5813,3.9,1
5814,25.9,2
5815,5.4,2
5816,19.3,1
5817,8.6,1
5818,8.7,1
5819,11.7,2
5820,14.6,1
5821,5.8,4
5822,4.5,3
5823,5.6,3
5824,18.8,2
5825,15.5,3
5826,5.4,1
5827,12.2,1
5828,8.5,5
5829,11.3,4
5830,6.8,3
5831,7.2,3
5832,4.2,2
5833,14.0,1
5834,9.6,1
5835,9.3,4
5836,9.9,2
5837,8.9,2
5838,13.9,2
5839,2.9,1
5840,14.8,3
5841,16.4,1
5842,8.4,2
5843,3.6,4
5844,16.9,3
5845,12.6,4
5846,17.6,3
5847,13.0,2
5848,3.8,4
5849,19.4,1
5850,3.6,3
5851,17.0,1
5852,3.0,3
5853,14.0,3
5854,1.8,2
5855,3.8,4
5856,2.1,1
5857,5.7,1
5858,9.1,4
5859,7.8,3
5860,33.4,3
5861,19.2,2
5862,10.3,3
5863,4.6,4
5864,7.7,2
5865,6.9,2
5866,15.4,4
5867,5.2,4
5868,3.2,5
5869,8.6,5
5870,9.8,3
5871,2.6,4
5872,12.7,1
5873,10.6,1
5874,7.8,2
5875,17.5,4
5876,16.6,3
5877,12.6,2
5878,0.5,1
5879,21.1,5
5880,12.7,2
5881,5.6,4
5882,8.9,2
5883,16.0,4
5884,7.1,2
5885,10.1,2
5886,6.6,2
5887,5.8,3
5888,2.1,5
5889,8.8,4
5890,15.8,2
5891,4.1,2
5892,14.4,1
5893,4.7,3
5894,1.3,1
5895,26.5,1
5896,20.0,1
5897,7.0,1
5898,15.2,1
5899,2.2,4
5900,5.1,2
5901,11.4,4
5902,10.5,1
5903,12.3,1
5904,3.4,2
5905,6.9,3
5906,12.1,3
5907,12.9,2
5908,5.9,3
5909,14.2,4
5910,9.5,2
5911,3.9,3
5912,8.8,1
5913,3.0,1
5914,7.1,3
5915,1.3,4
5916,7.0,3
5917,5.0,4
5918,11.4,3
5919,1.6,3
5920,19.8,2
5921,3.1,2
5922,3.7,4
5923,10.1,5
5924,14.9,4
5925,4.4,2
5926,18.2,2
5927,10.4,2
5928,11.7,2
5929,27.9,1
5930,8.5,2
5931,3.4,4
5932,2.7,3
5933,7.8,4
5934,8.3,2
5935,6.2,1
5936,9.6,1
5937,9.5,2
5938,4.4,1
5939,1.8,2
5940,23.6,3
5941,7.6,1
5942,10.0,3
5943,5.1,3
5944,0.9,2
5945,4.3,2
5946,6.7,3
5947,5.7,3
5948,15.2,1
5949,11.3,1
5950,6.6,3
5951,23.7,5
5952,7.8,1
5953,3.5,3
5954,9.3,3
5955,14.8,3
5956,3.6,2
5957,0.4,2
5958,12.8,2
5959,4.7,4
5960,17.8,3
5961,7.7,2
5962,4.4,2
5963,40.0,2
5964,3.2,3
5965,4.9,2
5966,11.6,1
5967,6.5,1
5968,10.3,3
5969,7.3,2
5970,10.7,2
5971,14.7,4
5972,19.3,3
5973,15.2,1
5974,12.8,2
5975,5.7,2
5976,4.8,2
5977,16.9,2
5978,6.4,3
5979,7.0,4
5980,10.0,3
5981,10.1,1
5982,5.1,3
5983,23.2,2
5984,2.8,2
5985,1.1,3
5986,6.6,1
5987,11.1,4
5988,11.4,2
5989,3.7,1
5990,3.5,1
5991,2.3,2
5992,31.8,4
5993,4.6,2
5994,19.5,1
5995,10.6,3
5996,25.0,1
5997,3.4,1
5998,3.9,3
5999,20.1,1
6000,1.6,2
